adjective,severity,category,gender,number,person_relevance
bastardo,high,moral,neutro,singular,alta
bastarda,high,moral,femenino,singular,alta
bastardos,high,moral,masculino,plural,alta
bastardas,high,moral,femenino,plural,alta
inmoral,high,moral,neutro,singular,alta
inmorals,high,moral,masculino,plural,alta
corrupto,high,moral,neutro,singular,alta
corrupta,high,moral,femenino,singular,alta
corruptos,high,moral,masculino,plural,alta
corruptas,high,moral,femenino,plural,alta
deshonesto,high,moral,neutro,singular,alta
deshonesta,high,moral,femenino,singular,alta
deshonestos,high,moral,masculino,plural,alta
deshonestas,high,moral,femenino,plural,alta
vil,high,moral,neutro,singular,alta
vils,high,moral,masculino,plural,alta
despicable,high,moral,neutro,singular,alta
despicables,high,moral,masculino,plural,alta
perverso,high,moral,neutro,singular,alta
perversa,high,moral,femenino,singular,alta
perversos,high,moral,masculino,plural,alta
perversas,high,moral,femenino,plural,alta
abominable,high,moral,neutro,singular,alta
abominables,high,moral,masculino,plural,alta
repugnante,high,moral,neutro,singular,alta
repugnantes,high,moral,masculino,plural,alta
asqueroso,high,moral,neutro,singular,alta
asquerosos,high,moral,masculino,plural,alta
repulsivo,high,moral,neutro,singular,alta
repulsivos,high,moral,masculino,plural,alta
nauseabundo,high,moral,neutro,singular,alta
nauseabundos,high,moral,masculino,plural,alta
obsceno,high,moral,neutro,singular,alta
obscena,high,moral,femenino,singular,alta
obscenos,high,moral,masculino,plural,alta
obscenas,high,moral,femenino,plural,alta
indecente,high,moral,neutro,singular,alta
indecentes,high,moral,masculino,plural,alta
depravado,high,moral,neutro,singular,alta
depravada,high,moral,femenino,singular,alta
depravados,high,moral,masculino,plural,alta
depravadas,high,moral,femenino,plural,alta
libidinoso,high,moral,neutro,singular,alta
libidinosa,high,moral,femenino,singular,alta
libidinosos,high,moral,masculino,plural,alta
libidinosas,high,moral,femenino,plural,alta
lascivo,high,moral,neutro,singular,alta
lasciva,high,moral,femenino,singular,alta
lascivos,high,moral,masculino,plural,alta
lascivas,high,moral,femenino,plural,alta
lujurioso,high,moral,neutro,singular,alta
lujuriosa,high,moral,femenino,singular,alta
lujuriosos,high,moral,masculino,plural,alta
lujuriosas,high,moral,femenino,plural,alta
salaz,high,moral,neutro,singular,alta
salazs,high,moral,masculino,plural,alta
promiscuo,high,moral,neutro,singular,alta
promiscua,high,moral,femenino,singular,alta
promiscuos,high,moral,masculino,plural,alta
promiscuas,high,moral,femenino,plural,alta
adúltero,high,moral,neutro,singular,alta
adúltera,high,moral,femenino,singular,alta
adúlteros,high,moral,masculino,plural,alta
adúlteras,high,moral,femenino,plural,alta
infiel,high,moral,neutro,singular,alta
infiels,high,moral,masculino,plural,alta
traidor,high,moral,neutro,singular,alta
traidora,high,moral,femenino,singular,alta
traidors,high,moral,masculino,plural,alta
traidoras,high,moral,femenino,plural,alta
desleal,high,moral,neutro,singular,alta
desleals,high,moral,masculino,plural,alta
pérfido,high,moral,neutro,singular,alta
pérfida,high,moral,femenino,singular,alta
pérfidos,high,moral,masculino,plural,alta
pérfidas,high,moral,femenino,plural,alta
falso,high,moral,neutro,singular,media
falsa,high,moral,femenino,singular,media
falsos,high,moral,masculino,plural,media
falsas,high,moral,femenino,plural,media
mentiroso,high,moral,neutro,singular,alta
mentirosa,high,moral,femenino,singular,alta
mentirosos,high,moral,masculino,plural,alta
mentirosas,high,moral,femenino,plural,alta
embustero,high,moral,neutro,singular,alta
embustera,high,moral,femenino,singular,alta
embusteros,high,moral,masculino,plural,alta
embusteras,high,moral,femenino,plural,alta
farsante,high,moral,neutro,singular,alta
farsantes,high,moral,masculino,plural,alta
charlatán,high,moral,neutro,singular,media
charlatana,high,moral,femenino,singular,media
charlatáns,high,moral,masculino,plural,media
charlatanas,high,moral,femenino,plural,media
estafador,high,moral,neutro,singular,alta
estafadora,high,moral,femenino,singular,alta
estafadors,high,moral,masculino,plural,alta
estafadoras,high,moral,femenino,plural,alta
defraudador,high,moral,neutro,singular,alta
defraudadora,high,moral,femenino,singular,alta
defraudadors,high,moral,masculino,plural,alta
defraudadoras,high,moral,femenino,plural,alta
sinvergüenza,high,moral,neutro,singular,alta
sinvergüenzas,high,moral,masculino,plural,alta
descarado,high,moral,neutro,singular,media
descarada,high,moral,femenino,singular,media
descarados,high,moral,masculino,plural,media
descaradas,high,moral,femenino,plural,media
desvergonzado,high,moral,neutro,singular,media
desvergonzada,high,moral,femenino,singular,media
desvergonzados,high,moral,masculino,plural,media
desvergonzadas,high,moral,femenino,plural,media
atrevido,high,moral,neutro,singular,alta
atrevida,high,moral,femenino,singular,alta
atrevidos,high,moral,masculino,plural,alta
atrevidas,high,moral,femenino,plural,alta
insolente,high,moral,neutro,singular,alta
insolentes,high,moral,masculino,plural,alta
grosero,high,moral,neutro,singular,alta
grosera,high,moral,femenino,singular,alta
groseros,high,moral,masculino,plural,alta
groseras,high,moral,femenino,plural,alta
vulgar,high,moral,neutro,singular,baja
vulgars,high,moral,masculino,plural,baja
ordinario,high,moral,neutro,singular,baja
ordinaria,high,moral,femenino,singular,baja
ordinarios,high,moral,masculino,plural,baja
ordinarias,high,moral,femenino,plural,baja
tosco,high,moral,neutro,singular,baja
tosca,high,moral,femenino,singular,baja
toscos,high,moral,masculino,plural,baja
toscas,high,moral,femenino,plural,baja
basto,high,moral,neutro,singular,baja
basta,high,moral,femenino,singular,baja
bastos,high,moral,masculino,plural,baja
bastas,high,moral,femenino,plural,baja
gañán,high,moral,neutro,singular,alta
gañana,high,moral,femenino,singular,alta
gañáns,high,moral,masculino,plural,alta
gañanas,high,moral,femenino,plural,alta
patán,high,moral,neutro,singular,alta
patana,high,moral,femenino,singular,alta
patáns,high,moral,masculino,plural,alta
patanas,high,moral,femenino,plural,alta
rústico,high,moral,neutro,singular,baja
rústica,high,moral,femenino,singular,baja
rústicos,high,moral,masculino,plural,baja
rústicas,high,moral,femenino,plural,baja
campesino,high,moral,neutro,singular,baja
campesina,high,moral,femenino,singular,baja
campesinos,high,moral,masculino,plural,baja
campesinas,high,moral,femenino,plural,baja
ignorante,high,moral,neutro,singular,alta
ignorantes,high,moral,masculino,plural,alta
analfabeto,high,moral,neutro,singular,alta
analfabeta,high,moral,femenino,singular,alta
analfabetos,high,moral,masculino,plural,alta
analfabetas,high,moral,femenino,plural,alta
estúpido,high,moral,neutro,singular,alta
estúpida,high,moral,femenino,singular,alta
estúpidos,high,moral,masculino,plural,alta
estúpidas,high,moral,femenino,plural,alta
idiota,high,moral,neutro,singular,alta
idiotas,high,moral,masculino,plural,alta
imbécil,high,moral,neutro,singular,alta
imbécils,high,moral,masculino,plural,alta
retrasado,high,moral,neutro,singular,alta
retrasada,high,moral,femenino,singular,alta
retrasados,high,moral,masculino,plural,alta
retrasadas,high,moral,femenino,plural,alta
débil,high,moral,neutro,singular,media
débils,high,moral,masculino,plural,media
cobarde,high,moral,neutro,singular,media
cobardes,high,moral,masculino,plural,media
miedoso,high,moral,neutro,singular,media
miedosa,high,moral,femenino,singular,media
miedosos,high,moral,masculino,plural,media
miedosas,high,moral,femenino,plural,media
pusilánime,high,moral,neutro,singular,alta
pusilánimes,high,moral,masculino,plural,alta
medroso,high,moral,neutro,singular,media
medrosa,high,moral,femenino,singular,media
medrosos,high,moral,masculino,plural,media
medrosas,high,moral,femenino,plural,media
tímido,high,moral,neutro,singular,baja
tímida,high,moral,femenino,singular,baja
tímidos,high,moral,masculino,plural,baja
tímidas,high,moral,femenino,plural,baja
retraído,high,moral,neutro,singular,baja
retraída,high,moral,femenino,singular,baja
retraídos,high,moral,masculino,plural,baja
retraídas,high,moral,femenino,plural,baja
apocado,high,moral,neutro,singular,alta
apocada,high,moral,femenino,singular,alta
apocados,high,moral,masculino,plural,alta
apocadas,high,moral,femenino,plural,alta
encogido,high,moral,neutro,singular,alta
encogida,high,moral,femenino,singular,alta
encogidos,high,moral,masculino,plural,alta
encogidas,high,moral,femenino,plural,alta
humillado,high,moral,neutro,singular,alta
humillada,high,moral,femenino,singular,alta
humillados,high,moral,masculino,plural,alta
humilladas,high,moral,femenino,plural,alta
avergonzado,high,moral,neutro,singular,alta
avergonzada,high,moral,femenino,singular,alta
avergonzados,high,moral,masculino,plural,alta
avergonzadas,high,moral,femenino,plural,alta
infame,high,moral,neutro,singular,alta
infames,high,moral,masculino,plural,alta
deshonroso,high,moral,neutro,singular,alta
deshonrosa,high,moral,femenino,singular,alta
deshonrosos,high,moral,masculino,plural,alta
deshonrosas,high,moral,femenino,plural,alta
deshonrante,high,moral,neutro,singular,alta
deshonrantes,high,moral,masculino,plural,alta
oprobioso,high,moral,neutro,singular,alta
oprobios,high,moral,femenino,singular,alta
oprobiosos,high,moral,masculino,plural,alta
oprobioss,high,moral,femenino,plural,alta
escarnecedor,high,moral,neutro,singular,alta
escarneced,high,moral,femenino,singular,alta
escarnecedors,high,moral,masculino,plural,alta
escarneceds,high,moral,femenino,plural,alta
burlador,high,moral,neutro,singular,alta
burla,high,moral,femenino,singular,alta
burladors,high,moral,masculino,plural,alta
burlas,high,moral,femenino,plural,alta
satírico,high,moral,neutro,singular,alta
satírica,high,moral,femenino,singular,alta
satíricos,high,moral,masculino,plural,alta
satíricas,high,moral,femenino,plural,alta
irónico,high,moral,neutro,singular,alta
irónica,high,moral,femenino,singular,alta
irónicos,high,moral,masculino,plural,alta
irónicas,high,moral,femenino,plural,alta
mordaz,high,moral,neutro,singular,alta
mordazs,high,moral,masculino,plural,alta
cáustico,high,moral,neutro,singular,alta
cáustica,high,moral,femenino,singular,alta
cáusticos,high,moral,masculino,plural,alta
cáusticas,high,moral,femenino,plural,alta
sarcástico,high,moral,neutro,singular,alta
sarcástica,high,moral,femenino,singular,alta
sarcásticos,high,moral,masculino,plural,alta
sarcásticas,high,moral,femenino,plural,alta
despiadado,high,moral,neutro,singular,alta
despiadada,high,moral,femenino,singular,alta
despiadados,high,moral,masculino,plural,alta
despiadadas,high,moral,femenino,plural,alta
cruel,high,moral,neutro,singular,alta
cruels,high,moral,masculino,plural,alta
inhumano,high,moral,neutro,singular,alta
inhumana,high,moral,femenino,singular,alta
inhumanos,high,moral,masculino,plural,alta
inhumanas,high,moral,femenino,plural,alta
diabólico,high,moral,neutro,singular,alta
diabólica,high,moral,femenino,singular,alta
diabólicos,high,moral,masculino,plural,alta
diabólicas,high,moral,femenino,plural,alta
satánico,high,moral,neutro,singular,alta
satánica,high,moral,femenino,singular,alta
satánicos,high,moral,masculino,plural,alta
satánicas,high,moral,femenino,plural,alta
demoníaco,high,moral,neutro,singular,alta
demoníaca,high,moral,femenino,singular,alta
demoníacos,high,moral,masculino,plural,alta
demoníacas,high,moral,femenino,plural,alta
infernal,high,moral,neutro,singular,alta
infernals,high,moral,masculino,plural,alta
condenado,high,moral,neutro,singular,alta
condenada,high,moral,femenino,singular,alta
condenados,high,moral,masculino,plural,alta
condenadas,high,moral,femenino,plural,alta
maldito,high,moral,neutro,singular,alta
maldita,high,moral,femenino,singular,alta
malditos,high,moral,masculino,plural,alta
malditas,high,moral,femenino,plural,alta
execrable,high,moral,neutro,singular,alta
execrables,high,moral,masculino,plural,alta
detestable,high,moral,neutro,singular,alta
detestables,high,moral,masculino,plural,alta
aborrecible,high,moral,neutro,singular,alta
aborrecibles,high,moral,masculino,plural,alta
odioso,high,moral,neutro,singular,alta
odiosa,high,moral,femenino,singular,alta
odiosos,high,moral,masculino,plural,alta
odiosas,high,moral,femenino,plural,alta
inmundo,high,moral,neutro,singular,alta
inmunda,high,moral,femenino,singular,alta
inmundos,high,moral,masculino,plural,alta
inmundas,high,moral,femenino,plural,alta
sucio,high,moral,neutro,singular,alta
sucia,high,moral,femenino,singular,alta
sucios,high,moral,masculino,plural,alta
sucias,high,moral,femenino,plural,alta
mugriento,high,moral,neutro,singular,alta
mugrienta,high,moral,femenino,singular,alta
mugrientos,high,moral,masculino,plural,alta
mugrientas,high,moral,femenino,plural,alta
cochino,high,moral,neutro,singular,alta
cochina,high,moral,femenino,singular,alta
cochinos,high,moral,masculino,plural,alta
cochinas,high,moral,femenino,plural,alta
puerco,high,moral,neutro,singular,alta
puerca,high,moral,femenino,singular,alta
puercos,high,moral,masculino,plural,alta
puercas,high,moral,femenino,plural,alta
marrano,high,moral,neutro,singular,alta
marrana,high,moral,femenino,singular,alta
marranos,high,moral,masculino,plural,alta
marranas,high,moral,femenino,plural,alta
desaseado,high,moral,neutro,singular,alta
desaseada,high,moral,femenino,singular,alta
desaseados,high,moral,masculino,plural,alta
desaseadas,high,moral,femenino,plural,alta
desaliñado,high,moral,neutro,singular,alta
desaliñada,high,moral,femenino,singular,alta
desaliñados,high,moral,masculino,plural,alta
desaliñadas,high,moral,femenino,plural,alta
andrajoso,high,moral,neutro,singular,alta
andrajosa,high,moral,femenino,singular,alta
andrajosos,high,moral,masculino,plural,alta
andrajosas,high,moral,femenino,plural,alta
harapiento,high,moral,neutro,singular,alta
harapienta,high,moral,femenino,singular,alta
harapientos,high,moral,masculino,plural,alta
harapientas,high,moral,femenino,plural,alta
zarrapastroso,high,moral,neutro,singular,alta
zarrapastrosa,high,moral,femenino,singular,alta
zarrapastrosos,high,moral,masculino,plural,alta
zarrapastrosas,high,moral,femenino,plural,alta
desgarbado,high,moral,neutro,singular,alta
desgarbada,high,moral,femenino,singular,alta
desgarbados,high,moral,masculino,plural,alta
desgarbadas,high,moral,femenino,plural,alta
torpe,high,moral,neutro,singular,media
torpes,high,moral,masculino,plural,media
patoso,high,moral,neutro,singular,alta
patosa,high,moral,femenino,singular,alta
patosos,high,moral,masculino,plural,alta
patosas,high,moral,femenino,plural,alta
zafio,high,moral,neutro,singular,alta
zafia,high,moral,femenino,singular,alta
zafios,high,moral,masculino,plural,alta
zafias,high,moral,femenino,plural,alta
desventurado,high,moral,neutro,singular,alta
desventurada,high,moral,femenino,singular,alta
desventurados,high,moral,masculino,plural,alta
desventuradas,high,moral,femenino,plural,alta
violento,high,moral,neutro,singular,alta
violenta,high,moral,femenino,singular,alta
violentos,high,moral,masculino,plural,alta
violentas,high,moral,femenino,plural,alta
brutal,high,moral,neutro,singular,alta
brutals,high,moral,masculino,plural,alta
salvaje,high,moral,neutro,singular,alta
salvajes,high,moral,masculino,plural,alta
feroz,high,moral,neutro,singular,alta
ferozs,high,moral,masculino,plural,alta
arrebatado,high,moral,neutro,singular,alta
arrebatada,high,moral,femenino,singular,alta
arrebatados,high,moral,masculino,plural,alta
arrebatadas,high,moral,femenino,plural,alta
irreflexivo,high,moral,neutro,singular,alta
irreflexiva,high,moral,femenino,singular,alta
irreflexivos,high,moral,masculino,plural,alta
irreflexivas,high,moral,femenino,plural,alta
impulsivo,high,moral,neutro,singular,alta
impulsiva,high,moral,femenino,singular,alta
impulsivos,high,moral,masculino,plural,alta
impulsivas,high,moral,femenino,plural,alta
avaro,high,moral,neutro,singular,media
avara,high,moral,femenino,singular,media
avaros,high,moral,masculino,plural,media
avaras,high,moral,femenino,plural,media
codicioso,high,moral,neutro,singular,media
codiciosa,high,moral,femenino,singular,media
codiciosos,high,moral,masculino,plural,media
codiciosas,high,moral,femenino,plural,media
tacaño,high,moral,neutro,singular,media
tacaña,high,moral,femenino,singular,media
tacaños,high,moral,masculino,plural,media
tacañas,high,moral,femenino,plural,media
envídioso,high,moral,neutro,singular,media
envidiosa,high,moral,femenino,singular,media
envídiosos,high,moral,masculino,plural,media
envidiosas,high,moral,femenino,plural,media
celoso,high,moral,neutro,singular,media
celosa,high,moral,femenino,singular,media
celosos,high,moral,masculino,plural,media
celosas,high,moral,femenino,plural,media
iracundo,high,moral,neutro,singular,media
iracunda,high,moral,femenino,singular,media
iracundos,high,moral,masculino,plural,media
iracundas,high,moral,femenino,plural,media
colérico,high,moral,neutro,singular,media
colérica,high,moral,femenino,singular,media
coléricos,high,moral,masculino,plural,media
coléricas,high,moral,femenino,plural,media
temperamental,high,moral,neutro,singular,alta
temperamentals,high,moral,masculino,plural,alta
bilioso,high,moral,neutro,singular,alta
biliosa,high,moral,femenino,singular,alta
biliosos,high,moral,masculino,plural,alta
biliosas,high,moral,femenino,plural,alta
esplénico,high,moral,neutro,singular,alta
esplénica,high,moral,femenino,singular,alta
esplénicos,high,moral,masculino,plural,alta
esplénicas,high,moral,femenino,plural,alta
presuntuoso,high,moral,neutro,singular,baja
presuntuosa,high,moral,femenino,singular,baja
presuntuosos,high,moral,masculino,plural,baja
presuntuosas,high,moral,femenino,plural,baja
soberbo,high,moral,neutro,singular,baja
soberbia,high,moral,femenino,singular,baja
soberbos,high,moral,masculino,plural,baja
soberbias,high,moral,femenino,plural,baja
arrogante,high,moral,neutro,singular,media
arrogantes,high,moral,masculino,plural,media
altanero,high,moral,neutro,singular,alta
altanera,high,moral,femenino,singular,alta
altaneros,high,moral,masculino,plural,alta
altaneras,high,moral,femenino,plural,alta
engreído,high,moral,neutro,singular,alta
engreída,high,moral,femenino,singular,alta
engreídos,high,moral,masculino,plural,alta
engreídas,high,moral,femenino,plural,alta
petulante,high,moral,neutro,singular,alta
petulantes,high,moral,masculino,plural,alta
hipócrita,high,moral,neutro,singular,alta
hipócritas,high,moral,masculino,plural,alta
falaz,high,moral,neutro,singular,alta
falazs,high,moral,masculino,plural,alta
engañador,high,moral,neutro,singular,alta
engañadora,high,moral,femenino,singular,alta
engañadors,high,moral,masculino,plural,alta
engañadoras,high,moral,femenino,plural,alta
tramposo,high,moral,neutro,singular,alta
tramposa,high,moral,femenino,singular,alta
tramposos,high,moral,masculino,plural,alta
tramposas,high,moral,femenino,plural,alta
deceptivo,high,moral,neutro,singular,alta
deceptiva,high,moral,femenino,singular,alta
deceptivos,high,moral,masculino,plural,alta
deceptivas,high,moral,femenino,plural,alta
fraudulento,high,moral,neutro,singular,alta
fraudulenta,high,moral,femenino,singular,alta
fraudulentos,high,moral,masculino,plural,alta
fraudulentas,high,moral,femenino,plural,alta
malversador,high,moral,neutro,singular,alta
malversadors,high,moral,masculino,plural,alta
desfalcador,high,moral,neutro,singular,alta
desfalcadors,high,moral,masculino,plural,alta
ladrón,high,moral,neutro,singular,alta
ladróns,high,moral,masculino,plural,alta
ratero,high,moral,neutro,singular,alta
rateros,high,moral,masculino,plural,alta
mangante,high,moral,neutro,singular,alta
mangantes,high,moral,masculino,plural,alta
tahúr,high,moral,neutro,singular,alta
tahúrs,high,moral,masculino,plural,alta
pícaro,high,moral,neutro,singular,alta
pícaros,high,moral,masculino,plural,alta
fullero,high,moral,neutro,singular,alta
fulleros,high,moral,masculino,plural,alta
vividor,high,moral,neutro,singular,alta
vividors,high,moral,masculino,plural,alta
parásito,high,moral,neutro,singular,alta
parásitos,high,moral,masculino,plural,alta
aprovechado,high,moral,neutro,singular,alta
aprovechados,high,moral,masculino,plural,alta
licencioso,high,moral,neutro,singular,alta
licenciosos,high,moral,masculino,plural,alta
disoluto,high,moral,neutro,singular,alta
disolutos,high,moral,masculino,plural,alta
libertino,high,moral,neutro,singular,alta
libertinos,high,moral,masculino,plural,alta
hedonista,high,moral,neutro,singular,alta
hedonistas,high,moral,masculino,plural,alta
sibarita,high,moral,neutro,singular,alta
sibaritas,high,moral,masculino,plural,alta
epicúreo,high,moral,neutro,singular,alta
epicúreos,high,moral,masculino,plural,alta
sensualista,high,moral,neutro,singular,alta
sensualistas,high,moral,masculino,plural,alta
concupiscente,high,moral,neutro,singular,alta
concupiscentes,high,moral,masculino,plural,alta
lujuriente,high,moral,neutro,singular,alta
lujurientes,high,moral,masculino,plural,alta
deshonrador,high,moral,neutro,singular,alta
deshonradors,high,moral,masculino,plural,alta
violador,high,moral,neutro,singular,alta
violadors,high,moral,masculino,plural,alta
agresor,high,moral,neutro,singular,alta
agresors,high,moral,masculino,plural,alta
victimario,high,moral,neutro,singular,alta
victimarios,high,moral,masculino,plural,alta
matón,high,moral,neutro,singular,alta
matóns,high,moral,masculino,plural,alta
pendenciero,high,moral,neutro,singular,alta
pendenciera,high,moral,femenino,singular,alta
pendencieros,high,moral,masculino,plural,alta
pendencieras,high,moral,femenino,plural,alta
bravucón,high,moral,neutro,singular,alta
bravucóns,high,moral,masculino,plural,alta
fanfarrón,high,moral,neutro,singular,alta
fanfarrona,high,moral,femenino,singular,alta
fanfarróns,high,moral,masculino,plural,alta
fanfarronas,high,moral,femenino,plural,alta
jactancioso,high,moral,neutro,singular,alta
jactanciosa,high,moral,femenino,singular,alta
jactanciosos,high,moral,masculino,plural,alta
jactanciosas,high,moral,femenino,plural,alta
vanidoso,high,moral,neutro,singular,alta
vanidosa,high,moral,femenino,singular,alta
vanidosos,high,moral,masculino,plural,alta
vanidosas,high,moral,femenino,plural,alta
narcisista,high,moral,neutro,singular,alta
narcisistas,high,moral,masculino,plural,alta
egocéntrico,high,moral,neutro,singular,alta
egocéntricos,high,moral,masculino,plural,alta
egoísta,high,moral,neutro,singular,alta
egoístas,high,moral,masculino,plural,alta
misántropo,high,moral,neutro,singular,alta
misántropos,high,moral,masculino,plural,alta
misógino,high,moral,neutro,singular,alta
misóginos,high,moral,masculino,plural,alta
machista,high,moral,neutro,singular,alta
machistas,high,moral,masculino,plural,alta
sexista,high,moral,neutro,singular,alta
sexistas,high,moral,masculino,plural,alta
racista,high,moral,neutro,singular,alta
racistas,high,moral,masculino,plural,alta
intolerante,high,moral,neutro,singular,alta
intolerantes,high,moral,masculino,plural,alta
prejuiciado,high,moral,neutro,singular,alta
prejuiciados,high,moral,masculino,plural,alta
parcial,high,moral,neutro,singular,alta
parcials,high,moral,masculino,plural,alta
injusto,high,moral,neutro,singular,alta
injustos,high,moral,masculino,plural,alta
despiadoso,high,moral,neutro,singular,alta
despiadosos,high,moral,masculino,plural,alta
insensible,high,moral,neutro,singular,alta
insensibles,high,moral,masculino,plural,alta
desalmado,high,moral,neutro,singular,alta
desalmados,high,moral,masculino,plural,alta
frío,high,moral,neutro,singular,alta
fríos,high,moral,masculino,plural,alta
indiferente,high,moral,neutro,singular,alta
indiferentes,high,moral,masculino,plural,alta
apático,high,moral,neutro,singular,alta
apáticos,high,moral,masculino,plural,alta
negligente,high,moral,neutro,singular,alta
negligentes,high,moral,masculino,plural,alta
irresponsable,high,moral,neutro,singular,alta
irresponsables,high,moral,masculino,plural,alta
imprudente,high,moral,neutro,singular,alta
imprudentes,high,moral,masculino,plural,alta
temerario,high,moral,neutro,singular,alta
temerarios,high,moral,masculino,plural,alta
insensato,high,moral,neutro,singular,alta
insensatos,high,moral,masculino,plural,alta
desatinado,high,moral,neutro,singular,alta
desatinados,high,moral,masculino,plural,alta
alocado,high,moral,neutro,singular,alta
alocados,high,moral,masculino,plural,alta
atontado,high,moral,neutro,singular,alta
atontados,high,moral,masculino,plural,alta
zopenco,high,moral,neutro,singular,alta
zopencos,high,moral,masculino,plural,alta
cretino,high,moral,neutro,singular,alta
cretinos,high,moral,masculino,plural,alta
obtuso,high,moral,neutro,singular,alta
obtusos,high,moral,masculino,plural,alta
rude,high,moral,neutro,singular,alta
rudes,high,moral,masculino,plural,alta
áspero,high,moral,neutro,singular,alta
ásperos,high,moral,masculino,plural,alta
desabrido,high,moral,neutro,singular,alta
desabridos,high,moral,masculino,plural,alta
amargado,high,moral,neutro,singular,alta
amargados,high,moral,masculino,plural,alta
resentido,high,moral,neutro,singular,alta
resentidos,high,moral,masculino,plural,alta
rencoroso,high,moral,neutro,singular,alta
rencorosos,high,moral,masculino,plural,alta
vengativo,high,moral,neutro,singular,alta
vengativos,high,moral,masculino,plural,alta
malévolo,high,moral,neutro,singular,alta
malévolos,high,moral,masculino,plural,alta
maligno,high,moral,neutro,singular,alta
malignos,high,moral,masculino,plural,alta
pernicioso,high,moral,neutro,singular,alta
perniciosos,high,moral,masculino,plural,alta
nocivo,high,moral,neutro,singular,alta
nocivos,high,moral,masculino,plural,alta
dañino,high,moral,neutro,singular,alta
dañinos,high,moral,masculino,plural,alta
perjudicial,high,moral,neutro,singular,alta
perjudicials,high,moral,masculino,plural,alta
tóxico,high,moral,neutro,singular,alta
tóxicos,high,moral,masculino,plural,alta
venenoso,high,moral,neutro,singular,alta
venenosos,high,moral,masculino,plural,alta
letal,high,moral,neutro,singular,alta
letals,high,moral,masculino,plural,alta
mortal,high,moral,neutro,singular,alta
mortals,high,moral,masculino,plural,alta
mortífero,high,moral,neutro,singular,alta
mortíferos,high,moral,masculino,plural,alta
nefando,high,moral,neutro,singular,alta
nefandos,high,moral,masculino,plural,alta
funesto,high,moral,neutro,singular,alta
funestos,high,moral,masculino,plural,alta
maléfico,high,moral,neutro,singular,alta
maléficos,high,moral,masculino,plural,alta
aciago,high,moral,neutro,singular,alta
aciagos,high,moral,masculino,plural,alta
siniestro,high,moral,neutro,singular,alta
siniestros,high,moral,masculino,plural,alta
ominoso,high,moral,neutro,singular,alta
ominosos,high,moral,masculino,plural,alta
presago,high,moral,neutro,singular,alta
presagos,high,moral,masculino,plural,alta
desfavorable,high,moral,neutro,singular,alta
desfavorables,high,moral,masculino,plural,alta
adverso,high,moral,neutro,singular,alta
adversa,high,moral,femenino,singular,alta
adversos,high,moral,masculino,plural,alta
adversas,high,moral,femenino,plural,alta
contrario,high,moral,neutro,singular,alta
contraria,high,moral,femenino,singular,alta
contrarios,high,moral,masculino,plural,alta
contrarias,high,moral,femenino,plural,alta
opuesto,high,moral,neutro,singular,alta
opuesta,high,moral,femenino,singular,alta
opuestos,high,moral,masculino,plural,alta
opuestas,high,moral,femenino,plural,alta
antitético,high,moral,neutro,singular,alta
antitética,high,moral,femenino,singular,alta
antitéticos,high,moral,masculino,plural,alta
antitéticas,high,moral,femenino,plural,alta
incompatible,high,moral,neutro,singular,alta
incompatibles,high,moral,masculino,plural,alta
incongruente,high,moral,neutro,singular,alta
incongruentes,high,moral,masculino,plural,alta
incoherente,high,moral,neutro,singular,alta
incoherentes,high,moral,masculino,plural,alta
contradictorio,high,moral,neutro,singular,alta
contradictoria,high,moral,femenino,singular,alta
contradictorios,high,moral,masculino,plural,alta
contradictorias,high,moral,femenino,plural,alta
paradójico,high,moral,neutro,singular,alta
paradójica,high,moral,femenino,singular,alta
paradójicos,high,moral,masculino,plural,alta
paradójicas,high,moral,femenino,plural,alta
absurdo,high,moral,neutro,singular,alta
absurda,high,moral,femenino,singular,alta
absurdos,high,moral,masculino,plural,alta
absurdas,high,moral,femenino,plural,alta
irrisorio,high,moral,neutro,singular,baja
irrisoria,high,moral,femenino,singular,baja
irrisorios,high,moral,masculino,plural,baja
irrisorias,high,moral,femenino,plural,baja
ridículo,high,moral,neutro,singular,baja
ridículos,high,moral,masculino,plural,baja
cómico,high,moral,neutro,singular,alta
cómica,high,moral,femenino,singular,alta
cómicos,high,moral,masculino,plural,alta
cómicas,high,moral,femenino,plural,alta
jocoso,high,moral,neutro,singular,alta
jocosa,high,moral,femenino,singular,alta
jocosos,high,moral,masculino,plural,alta
jocosas,high,moral,femenino,plural,alta
chusco,high,moral,neutro,singular,alta
chusca,high,moral,femenino,singular,alta
chuscos,high,moral,masculino,plural,alta
chuscas,high,moral,femenino,plural,alta
picaresco,high,moral,neutro,singular,alta
picaresca,high,moral,femenino,singular,alta
picarescos,high,moral,masculino,plural,alta
picarescas,high,moral,femenino,plural,alta
chocarrero,high,moral,neutro,singular,alta
chocarrera,high,moral,femenino,singular,alta
chocarreros,high,moral,masculino,plural,alta
chocarreras,high,moral,femenino,plural,alta
bufonesco,high,moral,neutro,singular,alta
bufoneska,high,moral,femenino,singular,alta
bufonescos,high,moral,masculino,plural,alta
bufoneskas,high,moral,femenino,plural,alta
payasada,high,moral,neutro,singular,alta
payasadas,high,moral,masculino,plural,alta
circo,high,moral,neutro,singular,alta
circos,high,moral,masculino,plural,alta
espectáculo,high,moral,neutro,singular,alta
espectáculos,high,moral,masculino,plural,alta
sainete,high,moral,neutro,singular,alta
sainetes,high,moral,masculino,plural,alta
farsa,high,moral,neutro,singular,alta
farsas,high,moral,masculino,plural,alta
comedia,high,moral,neutro,singular,alta
comedias,high,moral,masculino,plural,alta
simulación,high,moral,neutro,singular,alta
simulacións,high,moral,masculino,plural,alta
ficción,high,moral,neutro,singular,alta
ficcións,high,moral,masculino,plural,alta
mentira,high,moral,neutro,singular,alta
mentiras,high,moral,masculino,plural,alta
timo,high,moral,neutro,singular,alta
timos,high,moral,masculino,plural,alta
estafa,high,moral,neutro,singular,alta
estafas,high,moral,masculino,plural,alta
defraudación,high,moral,neutro,singular,alta
defraudacións,high,moral,masculino,plural,alta
malversación,high,moral,neutro,singular,alta
malversacións,high,moral,masculino,plural,alta
robo,high,moral,neutro,singular,alta
robos,high,moral,masculino,plural,alta
hurto,high,moral,neutro,singular,alta
hurtos,high,moral,masculino,plural,alta
latrocinio,high,moral,neutro,singular,alta
latrocinios,high,moral,masculino,plural,alta
pillaje,high,moral,neutro,singular,alta
pillajes,high,moral,masculino,plural,alta
saqueo,high,moral,neutro,singular,alta
saqueos,high,moral,masculino,plural,alta
expolio,high,moral,neutro,singular,alta
expolios,high,moral,masculino,plural,alta
despojo,high,moral,neutro,singular,alta
despojos,high,moral,masculino,plural,alta
usurpación,high,moral,neutro,singular,alta
usurpacións,high,moral,masculino,plural,alta
apestoso,high,moral,neutro,singular,alta
apestosos,high,moral,masculino,plural,alta
hediondo,high,moral,neutro,singular,alta
hediondos,high,moral,masculino,plural,alta
putrefacto,high,moral,neutro,singular,alta
putrefactos,high,moral,masculino,plural,alta
podrido,high,moral,neutro,singular,alta
podridos,high,moral,masculino,plural,alta
descompuesto,high,moral,neutro,singular,alta
descompuestos,high,moral,masculino,plural,alta
corrompido,high,moral,neutro,singular,alta
corrompidos,high,moral,masculino,plural,alta
pútrido,high,moral,neutro,singular,alta
pútridos,high,moral,masculino,plural,alta
gangrenoso,high,moral,neutro,singular,alta
gangrenosos,high,moral,masculino,plural,alta
pestífero,high,moral,neutro,singular,alta
pestíferos,high,moral,masculino,plural,alta
miasmático,high,moral,neutro,singular,alta
miasmáticos,high,moral,masculino,plural,alta
insalubre,high,moral,neutro,singular,alta
insalubres,high,moral,masculino,plural,alta
antihigiénico,high,moral,neutro,singular,alta
antihigiénicos,high,moral,masculino,plural,alta
contaminado,high,moral,neutro,singular,alta
contaminados,high,moral,masculino,plural,alta
infectado,high,moral,neutro,singular,alta
infectados,high,moral,masculino,plural,alta
enfermizo,high,moral,neutro,singular,alta
enfermizos,high,moral,masculino,plural,alta
llagado,high,moral,neutro,singular,alta
llagada,high,moral,femenino,singular,alta
llagados,high,moral,masculino,plural,alta
llagadas,high,moral,femenino,plural,alta
ulceroso,high,moral,neutro,singular,alta
ulcerosos,high,moral,masculino,plural,alta
canceroso,high,moral,neutro,singular,alta
cancerosos,high,moral,masculino,plural,alta
abscesado,high,moral,neutro,singular,alta
abscesados,high,moral,masculino,plural,alta
supurante,high,moral,neutro,singular,alta
supurantes,high,moral,masculino,plural,alta
purulento,high,moral,neutro,singular,alta
purulentos,high,moral,masculino,plural,alta
hemorrágico,high,moral,neutro,singular,alta
hemorrágicos,high,moral,masculino,plural,alta
inflamado,high,moral,neutro,singular,alta
inflamados,high,moral,masculino,plural,alta
hinchado,high,moral,neutro,singular,alta
hinchada,high,moral,femenino,singular,alta
hinchados,high,moral,masculino,plural,alta
hinchadas,high,moral,femenino,plural,alta
tumefacto,high,moral,neutro,singular,alta
tumefactos,high,moral,masculino,plural,alta
desfigurado,high,moral,neutro,singular,alta
desfigurados,high,moral,masculino,plural,alta
grotesco,high,moral,neutro,singular,alta
grotescos,high,moral,masculino,plural,alta
horripilante,high,moral,neutro,singular,alta
horripilantes,high,moral,masculino,plural,alta
espeluznante,high,moral,neutro,singular,alta
espeluznantes,high,moral,masculino,plural,alta
macabro,high,moral,neutro,singular,alta
macabros,high,moral,masculino,plural,alta
tétrico,high,moral,neutro,singular,alta
tétricos,high,moral,masculino,plural,alta
lúgubre,high,moral,neutro,singular,alta
lúgubres,high,moral,masculino,plural,alta
sombrío,high,moral,neutro,singular,alta
sombríos,high,moral,masculino,plural,alta
oscuro,high,moral,neutro,singular,alta
oscuros,high,moral,masculino,plural,alta
tenebroso,high,moral,neutro,singular,alta
tenebrosos,high,moral,masculino,plural,alta
dantesco,high,moral,neutro,singular,alta
dantescos,high,moral,masculino,plural,alta
apocalíptico,high,moral,neutro,singular,alta
apocalípticos,high,moral,masculino,plural,alta
caótico,high,moral,neutro,singular,alta
caóticos,high,moral,masculino,plural,alta
desordenado,high,moral,neutro,singular,alta
desordenados,high,moral,masculino,plural,alta
desmelenado,high,moral,neutro,singular,alta
desmelenados,high,moral,masculino,plural,alta
despeinado,high,moral,neutro,singular,alta
despeinados,high,moral,masculino,plural,alta
desaliñado,high,moral,neutro,singular,alta
desaliñada,high,moral,femenino,singular,alta
desaliñados,high,moral,masculino,plural,alta
desaliñadas,high,moral,femenino,plural,alta
sucio,high,moral,neutro,singular,alta
sucia,high,moral,femenino,singular,alta
sucios,high,moral,masculino,plural,alta
sucias,high,moral,femenino,plural,alta
puerco,high,moral,neutro,singular,alta
puerca,high,moral,femenino,singular,alta
puercos,high,moral,masculino,plural,alta
puercas,high,moral,femenino,plural,alta
cerdo,high,moral,neutro,singular,alta
cerdos,high,moral,masculino,plural,alta
inmundo,high,moral,neutro,singular,alta
inmunda,high,moral,femenino,singular,alta
inmundos,high,moral,masculino,plural,alta
inmundas,high,moral,femenino,plural,alta
asqueroso,high,moral,neutro,singular,alta
asquerosos,high,moral,masculino,plural,alta
repugnante,high,moral,neutro,singular,alta
repugnantes,high,moral,masculino,plural,alta
feo,high,moral,neutro,singular,baja
fea,high,moral,femenino,singular,baja
feos,high,moral,masculino,plural,baja
feas,high,moral,femenino,plural,baja
horrible,high,moral,neutro,singular,baja
horribles,high,moral,masculino,plural,baja
monstruoso,high,moral,neutro,singular,baja
monstruosa,high,moral,femenino,singular,baja
monstruosos,high,moral,masculino,plural,baja
monstruosas,high,moral,femenino,plural,baja
deforme,high,moral,neutro,singular,baja
deformes,high,moral,masculino,plural,baja
torcido,high,moral,neutro,singular,baja
torcida,high,moral,femenino,singular,baja
torcidos,high,moral,masculino,plural,baja
torcidas,high,moral,femenino,plural,baja
bizco,high,moral,neutro,singular,baja
bizca,high,moral,femenino,singular,baja
bizcos,high,moral,masculino,plural,baja
bizcas,high,moral,femenino,plural,baja
sordo,high,moral,neutro,singular,alta
sorda,high,moral,femenino,singular,alta
sordos,high,moral,masculino,plural,alta
sordas,high,moral,femenino,plural,alta
ciego,high,moral,neutro,singular,alta
ciega,high,moral,femenino,singular,alta
ciegos,high,moral,masculino,plural,alta
ciegas,high,moral,femenino,plural,alta
mudo,high,moral,neutro,singular,alta
muda,high,moral,femenino,singular,alta
mudos,high,moral,masculino,plural,alta
mudas,high,moral,femenino,plural,alta
tullido,high,moral,neutro,singular,alta
tullida,high,moral,femenino,singular,alta
tullidos,high,moral,masculino,plural,alta
tullidas,high,moral,femenino,plural,alta
cojo,high,moral,neutro,singular,alta
coja,high,moral,femenino,singular,alta
cojos,high,moral,masculino,plural,alta
cojas,high,moral,femenino,plural,alta
jorobado,high,moral,neutro,singular,alta
jorobada,high,moral,femenino,singular,alta
jorobados,high,moral,masculino,plural,alta
jorobadas,high,moral,femenino,plural,alta
enano,high,moral,neutro,singular,alta
enana,high,moral,femenino,singular,alta
enanos,high,moral,masculino,plural,alta
enanas,high,moral,femenino,plural,alta
gigante,high,moral,neutro,singular,alta
giganta,high,moral,femenino,singular,alta
gigantes,high,moral,masculino,plural,alta
gigantas,high,moral,femenino,plural,alta
obeso,high,moral,neutro,singular,alta
obesa,high,moral,femenino,singular,alta
obesos,high,moral,masculino,plural,alta
obesas,high,moral,femenino,plural,alta
escuálido,high,moral,neutro,singular,alta
escuálida,high,moral,femenino,singular,alta
escuálidos,high,moral,masculino,plural,alta
escuálidas,high,moral,femenino,plural,alta
desnutrido,high,moral,neutro,singular,alta
desnutrida,high,moral,femenino,singular,alta
desnutridos,high,moral,masculino,plural,alta
desnutridas,high,moral,femenino,plural,alta
famélico,high,moral,neutro,singular,alta
famélica,high,moral,femenino,singular,alta
famélicos,high,moral,masculino,plural,alta
famélicas,high,moral,femenino,plural,alta
cadavérico,high,moral,neutro,singular,alta
cadavéricos,high,moral,masculino,plural,alta
esquelético,high,moral,neutro,singular,alta
esqueléticos,high,moral,masculino,plural,alta
esmirriado,high,moral,neutro,singular,alta
esmirriados,high,moral,masculino,plural,alta
flaco,high,moral,neutro,singular,alta
flacos,high,moral,masculino,plural,alta
magro,high,moral,neutro,singular,alta
magros,high,moral,masculino,plural,alta
seco,high,moral,neutro,singular,alta
secos,high,moral,masculino,plural,alta
arrugado,high,moral,neutro,singular,alta
arrugados,high,moral,masculino,plural,alta
marchito,high,moral,neutro,singular,alta
marchitos,high,moral,masculino,plural,alta
mustio,high,moral,neutro,singular,alta
mustios,high,moral,masculino,plural,alta
decrepito,high,moral,neutro,singular,alta
decrepitos,high,moral,masculino,plural,alta
senil,high,moral,neutro,singular,alta
senils,high,moral,masculino,plural,alta
decrépito,high,moral,neutro,singular,alta
decrépitos,high,moral,masculino,plural,alta
pálido,high,moral,neutro,singular,media
pálida,high,moral,femenino,singular,media
pálidos,high,moral,masculino,plural,media
pálidas,high,moral,femenino,plural,media
amarillento,high,moral,neutro,singular,media
amarillenta,high,moral,femenino,singular,media
amarillentos,high,moral,masculino,plural,media
amarillentas,high,moral,femenino,plural,media
verdoso,high,moral,neutro,singular,alta
verdosa,high,moral,femenino,singular,alta
verdosos,high,moral,masculino,plural,alta
verdosas,high,moral,femenino,plural,alta
morado,high,moral,neutro,singular,alta
morada,high,moral,femenino,singular,alta
morados,high,moral,masculino,plural,alta
moradas,high,moral,femenino,plural,alta
hinchado,high,moral,neutro,singular,alta
hinchada,high,moral,femenino,singular,alta
hinchados,high,moral,masculino,plural,alta
hinchadas,high,moral,femenino,plural,alta
edematoso,high,moral,neutro,singular,alta
edematosa,high,moral,femenino,singular,alta
edematosos,high,moral,masculino,plural,alta
edematosas,high,moral,femenino,plural,alta
lepra,high,moral,neutro,singular,alta
lepras,high,moral,masculino,plural,alta
leprado,high,moral,neutro,singular,alta
leprada,high,moral,femenino,singular,alta
leprados,high,moral,masculino,plural,alta
lepradas,high,moral,femenino,plural,alta
bubónico,high,moral,neutro,singular,alta
bubónica,high,moral,femenino,singular,alta
bubónicos,high,moral,masculino,plural,alta
bubónicas,high,moral,femenino,plural,alta
pestilente,high,moral,neutro,singular,alta
pestilentes,high,moral,masculino,plural,alta
infeccioso,high,moral,neutro,singular,alta
infecciosa,high,moral,femenino,singular,alta
infecciosos,high,moral,masculino,plural,alta
infecciosas,high,moral,femenino,plural,alta
contagioso,high,moral,neutro,singular,alta
contagiosa,high,moral,femenino,singular,alta
contagiosos,high,moral,masculino,plural,alta
contagiosas,high,moral,femenino,plural,alta
llagado,high,moral,neutro,singular,alta
llagada,high,moral,femenino,singular,alta
llagados,high,moral,masculino,plural,alta
llagadas,high,moral,femenino,plural,alta
ulcerado,high,moral,neutro,singular,alta
ulcerada,high,moral,femenino,singular,alta
ulcerados,high,moral,masculino,plural,alta
ulceradas,high,moral,femenino,plural,alta
supurador,high,moral,neutro,singular,alta
supuradora,high,moral,femenino,singular,alta
supuradors,high,moral,masculino,plural,alta
supuradoras,high,moral,femenino,plural,alta
fistuloso,high,moral,neutro,singular,alta
fistulosa,high,moral,femenino,singular,alta
fistulosos,high,moral,masculino,plural,alta
fistulosas,high,moral,femenino,plural,alta
cicatriceal,high,moral,neutro,singular,alta
cicatriceals,high,moral,masculino,plural,alta
queloideo,high,moral,neutro,singular,alta
keloidea,high,moral,femenino,singular,alta
queloideos,high,moral,masculino,plural,alta
keloideas,high,moral,femenino,plural,alta
ictiosaurio,high,moral,neutro,singular,alta
ictiosaurios,high,moral,masculino,plural,alta
bípedo,high,moral,neutro,singular,alta
bípeda,high,moral,femenino,singular,alta
bípedos,high,moral,masculino,plural,alta
bípedas,high,moral,femenino,plural,alta
cuadrúpedo,high,moral,neutro,singular,alta
cuadrúpeda,high,moral,femenino,singular,alta
cuadrúpedos,high,moral,masculino,plural,alta
cuadrúpedas,high,moral,femenino,plural,alta
reptiliano,high,moral,neutro,singular,alta
reptiliana,high,moral,femenino,singular,alta
reptilianos,high,moral,masculino,plural,alta
reptilianas,high,moral,femenino,plural,alta
ofídico,high,moral,neutro,singular,alta
ofídica,high,moral,femenino,singular,alta
ofídicos,high,moral,masculino,plural,alta
ofídicas,high,moral,femenino,plural,alta
aracnídeo,high,moral,neutro,singular,alta
aracnídea,high,moral,femenino,singular,alta
aracnídeos,high,moral,masculino,plural,alta
aracnídeas,high,moral,femenino,plural,alta
simiesco,high,moral,neutro,singular,alta
simiesca,high,moral,femenino,singular,alta
simiescos,high,moral,masculino,plural,alta
simiescas,high,moral,femenino,plural,alta
simiano,high,moral,neutro,singular,alta
simiana,high,moral,femenino,singular,alta
simianos,high,moral,masculino,plural,alta
simianas,high,moral,femenino,plural,alta
primatesco,high,moral,neutro,singular,alta
primatesca,high,moral,femenino,singular,alta
primatescos,high,moral,masculino,plural,alta
primatescas,high,moral,femenino,plural,alta
antropomorfo,high,moral,neutro,singular,alta
antropomorfa,high,moral,femenino,singular,alta
antropomorfos,high,moral,masculino,plural,alta
antropomorfas,high,moral,femenino,plural,alta
zoomofo,high,moral,neutro,singular,alta
zoomorfa,high,moral,femenino,singular,alta
zoomofos,high,moral,masculino,plural,alta
zoomorfas,high,moral,femenino,plural,alta
bestial,high,moral,neutro,singular,alta
bestials,high,moral,masculino,plural,alta
animal,high,moral,neutro,singular,alta
animals,high,moral,masculino,plural,alta
irracional,high,moral,neutro,singular,alta
irracionals,high,moral,masculino,plural,alta
salvaje,high,moral,neutro,singular,alta
salvajes,high,moral,masculino,plural,alta
primitivo,high,moral,neutro,singular,alta
primitiva,high,moral,femenino,singular,alta
primitivos,high,moral,masculino,plural,alta
primitivas,high,moral,femenino,plural,alta
arcaico,high,moral,neutro,singular,alta
arcaica,high,moral,femenino,singular,alta
arcaicos,high,moral,masculino,plural,alta
arcaicas,high,moral,femenino,plural,alta
ancestral,high,moral,neutro,singular,alta
ancestrals,high,moral,masculino,plural,alta
atávico,high,moral,neutro,singular,alta
atávica,high,moral,femenino,singular,alta
atávicos,high,moral,masculino,plural,alta
atávicas,high,moral,femenino,plural,alta
primigenio,high,moral,neutro,singular,alta
primigenia,high,moral,femenino,singular,alta
primigenios,high,moral,masculino,plural,alta
primigenias,high,moral,femenino,plural,alta
primordial,high,moral,neutro,singular,alta
primordials,high,moral,masculino,plural,alta
embrionario,high,moral,neutro,singular,alta
embrionaria,high,moral,femenino,singular,alta
embrionarios,high,moral,masculino,plural,alta
embrionarias,high,moral,femenino,plural,alta
fetal,high,moral,neutro,singular,alta
fetals,high,moral,masculino,plural,alta
larvario,high,moral,neutro,singular,alta
larvaria,high,moral,femenino,singular,alta
larvarios,high,moral,masculino,plural,alta
larvarias,high,moral,femenino,plural,alta
larval,high,moral,neutro,singular,alta
larvals,high,moral,masculino,plural,alta
ninfal,high,moral,neutro,singular,alta
ninfals,high,moral,masculino,plural,alta
pupal,high,moral,neutro,singular,alta
pupals,high,moral,masculino,plural,alta
larva,high,moral,neutro,singular,alta
larvas,high,moral,masculino,plural,alta
ninfa,high,moral,neutro,singular,alta
ninfas,high,moral,masculino,plural,alta
pupa,high,moral,neutro,singular,alta
pupas,high,moral,masculino,plural,alta
inculto,high,moral,neutro,singular,alta
inculta,high,moral,femenino,singular,alta
incultos,high,moral,masculino,plural,alta
incultas,high,moral,femenino,plural,alta
iletrado,high,moral,neutro,singular,alta
iletrada,high,moral,femenino,singular,alta
iletrados,high,moral,masculino,plural,alta
iletradas,high,moral,femenino,plural,alta
indocto,high,moral,neutro,singular,alta
indoctos,high,moral,masculino,plural,alta
sin instrucción,high,moral,neutro,singular,alta
sin instruccións,high,moral,masculino,plural,alta
cerrado,high,moral,neutro,singular,alta
cerrados,high,moral,masculino,plural,alta
de mollera blanda,high,moral,neutro,singular,alta
de mollera blandas,high,moral,masculino,plural,alta
de alcornoque,high,moral,neutro,singular,alta
de alcornoques,high,moral,masculino,plural,alta
de cortos alcances,high,moral,neutro,singular,alta
de cortos alcancess,high,moral,masculino,plural,alta
limitado,high,moral,neutro,singular,alta
limitados,high,moral,masculino,plural,alta
restringido,high,moral,neutro,singular,alta
restringidos,high,moral,masculino,plural,alta
circunscrito,high,moral,neutro,singular,alta
circunscritos,high,moral,masculino,plural,alta
acotado,high,moral,neutro,singular,alta
acotados,high,moral,masculino,plural,alta
estrecho de miras,high,moral,neutro,singular,alta
estrecho de mirass,high,moral,masculino,plural,alta
de visión corta,high,moral,neutro,singular,alta
de visión cortas,high,moral,masculino,plural,alta
miope,high,moral,neutro,singular,alta
miopes,high,moral,masculino,plural,alta
ciego,high,moral,neutro,singular,alta
ciega,high,moral,femenino,singular,alta
ciegos,high,moral,masculino,plural,alta
ciegas,high,moral,femenino,plural,alta
sordo,high,moral,neutro,singular,alta
sorda,high,moral,femenino,singular,alta
sordos,high,moral,masculino,plural,alta
sordas,high,moral,femenino,plural,alta
imperceptivo,high,moral,neutro,singular,alta
imperceptivos,high,moral,masculino,plural,alta
desatento,high,moral,neutro,singular,alta
desatentos,high,moral,masculino,plural,alta
distraído,high,moral,neutro,singular,alta
distraídos,high,moral,masculino,plural,alta
despreocupado,high,moral,neutro,singular,alta
despreocupados,high,moral,masculino,plural,alta
remiso,high,moral,neutro,singular,alta
remisos,high,moral,masculino,plural,alta
perezoso,high,moral,neutro,singular,alta
perezosos,high,moral,masculino,plural,alta
holgazán,high,moral,neutro,singular,alta
holgazáns,high,moral,masculino,plural,alta
ocioso,high,moral,neutro,singular,alta
ociosos,high,moral,masculino,plural,alta
haragán,high,moral,neutro,singular,alta
haragáns,high,moral,masculino,plural,alta
vago,high,moral,neutro,singular,alta
vagos,high,moral,masculino,plural,alta
gandul,high,moral,neutro,singular,alta
ganduls,high,moral,masculino,plural,alta
tarambana,high,moral,neutro,singular,alta
tarambanas,high,moral,masculino,plural,alta
descerebrado,high,moral,neutro,singular,alta
descerebrados,high,moral,masculino,plural,alta
sin sesos,high,moral,neutro,singular,alta
sin sesoss,high,moral,masculino,plural,alta
destornillado,high,moral,neutro,singular,alta
destornillados,high,moral,masculino,plural,alta
destartalado,high,moral,neutro,singular,alta
destartalados,high,moral,masculino,plural,alta
desgarrado,high,moral,neutro,singular,alta
desgarrados,high,moral,masculino,plural,alta
incapaz,high,moral,neutro,singular,alta
incapazs,high,moral,masculino,plural,alta
inepto,high,moral,neutro,singular,alta
ineptos,high,moral,masculino,plural,alta
incompetente,high,moral,neutro,singular,alta
incompetentes,high,moral,masculino,plural,alta
ineficaz,high,moral,neutro,singular,alta
ineficazs,high,moral,masculino,plural,alta
ineficiente,high,moral,neutro,singular,alta
ineficientes,high,moral,masculino,plural,alta
infructuoso,high,moral,neutro,singular,alta
infructuosos,high,moral,masculino,plural,alta
estéril,high,moral,neutro,singular,alta
estérils,high,moral,masculino,plural,alta
improductivo,high,moral,neutro,singular,alta
improductivos,high,moral,masculino,plural,alta
yermo,high,moral,neutro,singular,alta
yermos,high,moral,masculino,plural,alta
baldío,high,moral,neutro,singular,alta
baldíos,high,moral,masculino,plural,alta
árido,high,moral,neutro,singular,alta
áridos,high,moral,masculino,plural,alta
desértico,high,moral,neutro,singular,alta
desérticos,high,moral,masculino,plural,alta
páramo,high,moral,neutro,singular,alta
páramos,high,moral,masculino,plural,alta
desolado,high,moral,neutro,singular,alta
desolados,high,moral,masculino,plural,alta
estéril,high,moral,neutro,singular,alta
estérils,high,moral,masculino,plural,alta
infecundo,high,moral,neutro,singular,alta
infecundos,high,moral,masculino,plural,alta
infructífero,high,moral,neutro,singular,alta
infructíferos,high,moral,masculino,plural,alta
improductivo,high,moral,neutro,singular,alta
improductivos,high,moral,masculino,plural,alta
inocuo,high,moral,neutro,singular,alta
inocuos,high,moral,masculino,plural,alta
inútil,high,moral,neutro,singular,alta
inútils,high,moral,masculino,plural,alta
vano,high,moral,neutro,singular,alta
vanos,high,moral,masculino,plural,alta
fútil,high,moral,neutro,singular,alta
fútils,high,moral,masculino,plural,alta
trivial,high,moral,neutro,singular,alta
trivials,high,moral,masculino,plural,alta
baladí,high,moral,neutro,singular,alta
baladís,high,moral,masculino,plural,alta
insignificante,high,moral,neutro,singular,alta
insignificantes,high,moral,masculino,plural,alta
nimio,high,moral,neutro,singular,alta
nimios,high,moral,masculino,plural,alta
mínimo,high,moral,neutro,singular,alta
mínimos,high,moral,masculino,plural,alta
ínfimo,high,moral,neutro,singular,alta
ínfimos,high,moral,masculino,plural,alta
exiguo,high,moral,neutro,singular,alta
exiguos,high,moral,masculino,plural,alta
raquítico,high,moral,neutro,singular,alta
raquítica,high,moral,femenino,singular,alta
raquíticos,high,moral,masculino,plural,alta
raquíticas,high,moral,femenino,plural,alta
empequeñecido,high,moral,neutro,singular,alta
empequeñecidos,high,moral,masculino,plural,alta
reducido,high,moral,neutro,singular,alta
reducidos,high,moral,masculino,plural,alta
acotado,high,moral,neutro,singular,alta
acotados,high,moral,masculino,plural,alta
limitado,high,moral,neutro,singular,alta
limitados,high,moral,masculino,plural,alta
restringido,high,moral,neutro,singular,alta
restringidos,high,moral,masculino,plural,alta
constreñido,high,moral,neutro,singular,alta
constreñidos,high,moral,masculino,plural,alta
inhibido,high,moral,neutro,singular,alta
inhibidos,high,moral,masculino,plural,alta
cohibido,high,moral,neutro,singular,alta
cohibidos,high,moral,masculino,plural,alta
bloqueado,high,moral,neutro,singular,alta
bloqueados,high,moral,masculino,plural,alta
atrapado,high,moral,neutro,singular,alta
atrapados,high,moral,masculino,plural,alta
atascado,high,moral,neutro,singular,alta
atascados,high,moral,masculino,plural,alta
pegado,high,moral,neutro,singular,alta
pegados,high,moral,masculino,plural,alta
enganchado,high,moral,neutro,singular,alta
enganchados,high,moral,masculino,plural,alta
encallado,high,moral,neutro,singular,alta
encallados,high,moral,masculino,plural,alta
embarrancado,high,moral,neutro,singular,alta
embarrancados,high,moral,masculino,plural,alta
naufragado,high,moral,neutro,singular,alta
naufragados,high,moral,masculino,plural,alta
hundido,high,moral,neutro,singular,alta
hundidos,high,moral,masculino,plural,alta
sumergido,high,moral,neutro,singular,alta
sumergidos,high,moral,masculino,plural,alta
ahogado,high,moral,neutro,singular,alta
ahogados,high,moral,masculino,plural,alta
sofocado,high,moral,neutro,singular,alta
sofocados,high,moral,masculino,plural,alta
asfixiado,high,moral,neutro,singular,alta
asfixiados,high,moral,masculino,plural,alta
agonizante,high,moral,neutro,singular,alta
agonizantes,high,moral,masculino,plural,alta
moribundo,high,moral,neutro,singular,alta
moribundos,high,moral,masculino,plural,alta
cadavérico,high,moral,neutro,singular,alta
cadavéricos,high,moral,masculino,plural,alta
exánime,high,moral,neutro,singular,alta
exánimes,high,moral,masculino,plural,alta
inanimado,high,moral,neutro,singular,alta
inanimados,high,moral,masculino,plural,alta
muerto,high,moral,neutro,singular,alta
muertos,high,moral,masculino,plural,alta
difunto,high,moral,neutro,singular,alta
difuntos,high,moral,masculino,plural,alta
occiso,high,moral,neutro,singular,alta
occisos,high,moral,masculino,plural,alta
finado,high,moral,neutro,singular,alta
finados,high,moral,masculino,plural,alta
desaparecido,high,moral,neutro,singular,alta
desaparecidos,high,moral,masculino,plural,alta
evanescente,high,moral,neutro,singular,alta
evanescentes,high,moral,masculino,plural,alta
fugitivo,high,moral,neutro,singular,alta
fugitivos,high,moral,masculino,plural,alta
efímero,high,moral,neutro,singular,alta
efímeros,high,moral,masculino,plural,alta
perecedero,high,moral,neutro,singular,alta
perecederos,high,moral,masculino,plural,alta
mortal,high,moral,neutro,singular,alta
mortals,high,moral,masculino,plural,alta
transitorio,high,moral,neutro,singular,alta
transitorios,high,moral,masculino,plural,alta
temporal,high,moral,neutro,singular,alta
temporals,high,moral,masculino,plural,alta
pasajero,high,moral,neutro,singular,alta
pasajeros,high,moral,masculino,plural,alta
provisional,high,moral,neutro,singular,alta
provisionals,high,moral,masculino,plural,alta
precario,high,moral,neutro,singular,alta
precarios,high,moral,masculino,plural,alta
inestable,high,moral,neutro,singular,alta
inestables,high,moral,masculino,plural,alta
tambaleante,high,moral,neutro,singular,alta
tambaleantes,high,moral,masculino,plural,alta
vacilante,high,moral,neutro,singular,alta
vacilantes,high,moral,masculino,plural,alta
dudoso,high,moral,neutro,singular,alta
dudosa,high,moral,femenino,singular,alta
dudosos,high,moral,masculino,plural,alta
dudosas,high,moral,femenino,plural,alta
incierto,high,moral,neutro,singular,alta
inciertos,high,moral,masculino,plural,alta
ambiguo,high,moral,neutro,singular,alta
ambiguos,high,moral,masculino,plural,alta
equívoco,high,moral,neutro,singular,alta
equívocos,high,moral,masculino,plural,alta
anfibológico,high,moral,neutro,singular,alta
anfibológicos,high,moral,masculino,plural,alta
oscuro,high,moral,neutro,singular,alta
oscuros,high,moral,masculino,plural,alta
turbio,high,moral,neutro,singular,alta
turbios,high,moral,masculino,plural,alta
confuso,high,moral,neutro,singular,alta
confusos,high,moral,masculino,plural,alta
revuelto,high,moral,neutro,singular,alta
revueltos,high,moral,masculino,plural,alta
enmarañado,high,moral,neutro,singular,alta
enmarañados,high,moral,masculino,plural,alta
irascible,high,moral,neutro,singular,alta
irascibles,high,moral,masculino,plural,alta
furioso,high,moral,neutro,singular,alta
furiosa,high,moral,femenino,singular,alta
furiosos,high,moral,masculino,plural,alta
furiosas,high,moral,femenino,plural,alta
rabioso,high,moral,neutro,singular,alta
rabiosa,high,moral,femenino,singular,alta
rabiosos,high,moral,masculino,plural,alta
rabiosas,high,moral,femenino,plural,alta
furibundo,high,moral,neutro,singular,alta
furibunda,high,moral,femenino,singular,alta
furibundos,high,moral,masculino,plural,alta
furibundas,high,moral,femenino,plural,alta
exaltado,high,moral,neutro,singular,alta
exaltada,high,moral,femenino,singular,alta
exaltados,high,moral,masculino,plural,alta
exaltadas,high,moral,femenino,plural,alta
impetuoso,high,moral,neutro,singular,alta
impetuosa,high,moral,femenino,singular,alta
impetuosos,high,moral,masculino,plural,alta
impetuosas,high,moral,femenino,plural,alta
fiero,high,moral,neutro,singular,alta
fiera,high,moral,femenino,singular,alta
fieros,high,moral,masculino,plural,alta
fieras,high,moral,femenino,plural,alta
implacable,high,moral,neutro,singular,alta
implacables,high,moral,masculino,plural,alta
inexorable,high,moral,neutro,singular,alta
inexorables,high,moral,masculino,plural,alta
inclemente,high,moral,neutro,singular,alta
inclementes,high,moral,masculino,plural,alta
severo,high,moral,neutro,singular,alta
severa,high,moral,femenino,singular,alta
severos,high,moral,masculino,plural,alta
severas,high,moral,femenino,plural,alta
riguroso,high,moral,neutro,singular,alta
rigurosa,high,moral,femenino,singular,alta
rigurosos,high,moral,masculino,plural,alta
rigurosas,high,moral,femenino,plural,alta
duro,high,moral,neutro,singular,alta
dura,high,moral,femenino,singular,alta
duros,high,moral,masculino,plural,alta
duras,high,moral,femenino,plural,alta
hostil,high,moral,neutro,singular,alta
hostils,high,moral,masculino,plural,alta
belicoso,high,moral,neutro,singular,alta
belicosa,high,moral,femenino,singular,alta
belicosos,high,moral,masculino,plural,alta
belicosas,high,moral,femenino,plural,alta
combativo,high,moral,neutro,singular,alta
combativa,high,moral,femenino,singular,alta
combativos,high,moral,masculino,plural,alta
combativas,high,moral,femenino,plural,alta
contencioso,high,moral,neutro,singular,alta
contenciosa,high,moral,femenino,singular,alta
contenciosos,high,moral,masculino,plural,alta
contenciosas,high,moral,femenino,plural,alta
litigioso,high,moral,neutro,singular,alta
litigiosa,high,moral,femenino,singular,alta
litigiosos,high,moral,masculino,plural,alta
litigiosas,high,moral,femenino,plural,alta
polémico,high,moral,neutro,singular,alta
polémica,high,moral,femenino,singular,alta
polémicos,high,moral,masculino,plural,alta
polémicas,high,moral,femenino,plural,alta
controvertido,high,moral,neutro,singular,alta
controvertida,high,moral,femenino,singular,alta
controvertidos,high,moral,masculino,plural,alta
controvertidas,high,moral,femenino,plural,alta
cuestionable,high,moral,neutro,singular,alta
cuestionables,high,moral,masculino,plural,alta
dudoso,high,moral,neutro,singular,alta
dudosa,high,moral,femenino,singular,alta
dudosos,high,moral,masculino,plural,alta
dudosas,high,moral,femenino,plural,alta
sospechoso,high,moral,neutro,singular,alta
sospechosa,high,moral,femenino,singular,alta
sospechosos,high,moral,masculino,plural,alta
sospechosas,high,moral,femenino,plural,alta
malafé,high,moral,neutro,singular,alta
malafés,high,moral,masculino,plural,alta
doloso,high,moral,neutro,singular,alta
dolosa,high,moral,femenino,singular,alta
dolosos,high,moral,masculino,plural,alta
dolosas,high,moral,femenino,plural,alta
malintencionado,high,moral,neutro,singular,alta
malintencionada,high,moral,femenino,singular,alta
malintencionados,high,moral,masculino,plural,alta
malintencionadas,high,moral,femenino,plural,alta
malicioso,high,moral,neutro,singular,alta
maliciosa,high,moral,femenino,singular,alta
maliciosos,high,moral,masculino,plural,alta
maliciosas,high,moral,femenino,plural,alta
desenfrenado,high,moral,neutro,singular,alta
desenfrenada,high,moral,femenino,singular,alta
desenfrenados,high,moral,masculino,plural,alta
desenfrenadas,high,moral,femenino,plural,alta
descontrolado,high,moral,neutro,singular,alta
descontrolada,high,moral,femenino,singular,alta
descontrolados,high,moral,masculino,plural,alta
descontroladas,high,moral,femenino,plural,alta
intemperante,high,moral,neutro,singular,alta
intemperantes,high,moral,masculino,plural,alta
excesivo,high,moral,neutro,singular,alta
excesiva,high,moral,femenino,singular,alta
excesivos,high,moral,masculino,plural,alta
excesivas,high,moral,femenino,plural,alta
desmedido,high,moral,neutro,singular,alta
desmedida,high,moral,femenino,singular,alta
desmedidos,high,moral,masculino,plural,alta
desmedidas,high,moral,femenino,plural,alta
desproporcionado,high,moral,neutro,singular,alta
desproporcionada,high,moral,femenino,singular,alta
desproporcionados,high,moral,masculino,plural,alta
desproporcionadas,high,moral,femenino,plural,alta
exagerado,high,moral,neutro,singular,alta
exagerada,high,moral,femenino,singular,alta
exagerados,high,moral,masculino,plural,alta
exageradas,high,moral,femenino,plural,alta
histriónico,high,moral,neutro,singular,alta
histriónicos,high,moral,masculino,plural,alta
dramático,high,moral,neutro,singular,alta
dramática,high,moral,femenino,singular,alta
dramáticos,high,moral,masculino,plural,alta
dramáticas,high,moral,femenino,plural,alta
teatral,high,moral,neutro,singular,alta
teatrals,high,moral,masculino,plural,alta
artificioso,high,moral,neutro,singular,alta
artificiosa,high,moral,femenino,singular,alta
artificiosos,high,moral,masculino,plural,alta
artificiosas,high,moral,femenino,plural,alta
afectado,high,moral,neutro,singular,alta
afectada,high,moral,femenino,singular,alta
afectados,high,moral,masculino,plural,alta
afectadas,high,moral,femenino,plural,alta
fingido,high,moral,neutro,singular,alta
fingida,high,moral,femenino,singular,alta
fingidos,high,moral,masculino,plural,alta
fingidas,high,moral,femenino,plural,alta
postizo,high,moral,neutro,singular,alta
postiza,high,moral,femenino,singular,alta
postizos,high,moral,masculino,plural,alta
postizas,high,moral,femenino,plural,alta
ficticio,high,moral,neutro,singular,alta
ficticia,high,moral,femenino,singular,alta
ficticios,high,moral,masculino,plural,alta
ficticias,high,moral,femenino,plural,alta
imaginario,high,moral,neutro,singular,alta
imaginaria,high,moral,femenino,singular,alta
imaginarios,high,moral,masculino,plural,alta
imaginarias,high,moral,femenino,plural,alta
fantástico,high,moral,neutro,singular,alta
fantástica,high,moral,femenino,singular,alta
fantásticos,high,moral,masculino,plural,alta
fantásticas,high,moral,femenino,plural,alta
quimérico,high,moral,neutro,singular,alta
quimérica,high,moral,femenino,singular,alta
quiméricos,high,moral,masculino,plural,alta
quiméricas,high,moral,femenino,plural,alta
utópico,high,moral,neutro,singular,alta
utópica,high,moral,femenino,singular,alta
utópicos,high,moral,masculino,plural,alta
utópicas,high,moral,femenino,plural,alta
imposible,high,moral,neutro,singular,alta
imposibles,high,moral,masculino,plural,alta
impracticable,high,moral,neutro,singular,alta
impracticables,high,moral,masculino,plural,alta
inviable,high,moral,neutro,singular,alta
inviables,high,moral,masculino,plural,alta
irrealizable,high,moral,neutro,singular,alta
irrealizables,high,moral,masculino,plural,alta
inalcanzable,high,moral,neutro,singular,alta
inalcanzables,high,moral,masculino,plural,alta
inaccesible,high,moral,neutro,singular,alta
inaccesibles,high,moral,masculino,plural,alta
inabordable,high,moral,neutro,singular,alta
inabordables,high,moral,masculino,plural,alta
insondable,high,moral,neutro,singular,alta
insondables,high,moral,masculino,plural,alta
impenetrable,high,moral,neutro,singular,alta
impenetrables,high,moral,masculino,plural,alta
incomprehensible,high,moral,neutro,singular,alta
incomprehensibles,high,moral,masculino,plural,alta
indescifrable,high,moral,neutro,singular,alta
indescifrables,high,moral,masculino,plural,alta
enigmático,high,moral,neutro,singular,alta
enigmáticos,high,moral,masculino,plural,alta
críptico,high,moral,neutro,singular,alta
crípticos,high,moral,masculino,plural,alta
oscuro,high,moral,neutro,singular,alta
oscuros,high,moral,masculino,plural,alta
opaco,high,moral,neutro,singular,alta
opacos,high,moral,masculino,plural,alta
denso,high,moral,neutro,singular,alta
densos,high,moral,masculino,plural,alta
espeso,high,moral,neutro,singular,alta
espesos,high,moral,masculino,plural,alta
tupido,high,moral,neutro,singular,alta
tupidos,high,moral,masculino,plural,alta
intrincado,high,moral,neutro,singular,alta
intrincados,high,moral,masculino,plural,alta
laberíntico,high,moral,neutro,singular,alta
laberínticos,high,moral,masculino,plural,alta
tortuoso,high,moral,neutro,singular,alta
tortuosos,high,moral,masculino,plural,alta
sinuoso,high,moral,neutro,singular,alta
sinuosos,high,moral,masculino,plural,alta
ondulante,high,moral,neutro,singular,alta
ondulantes,high,moral,masculino,plural,alta
zigzagueante,high,moral,neutro,singular,alta
zigzagueantes,high,moral,masculino,plural,alta
quebrado,high,moral,neutro,singular,alta
quebrados,high,moral,masculino,plural,alta
torcido,high,moral,neutro,singular,baja
torcida,high,moral,femenino,singular,baja
torcidos,high,moral,masculino,plural,baja
torcidas,high,moral,femenino,plural,baja
sesgado,high,moral,neutro,singular,alta
sesgados,high,moral,masculino,plural,alta
inclinado,high,moral,neutro,singular,alta
inclinados,high,moral,masculino,plural,alta
oblicuo,high,moral,neutro,singular,alta
oblicuos,high,moral,masculino,plural,alta
transversal,high,moral,neutro,singular,alta
transversals,high,moral,masculino,plural,alta
perpendicular,high,moral,neutro,singular,alta
perpendiculars,high,moral,masculino,plural,alta
diagonal,high,moral,neutro,singular,alta
diagonals,high,moral,masculino,plural,alta
radial,high,moral,neutro,singular,alta
radials,high,moral,masculino,plural,alta
angular,high,moral,neutro,singular,alta
angulars,high,moral,masculino,plural,alta
puntiagudo,high,moral,neutro,singular,alta
puntiagudos,high,moral,masculino,plural,alta
agudo,high,moral,neutro,singular,alta
agudos,high,moral,masculino,plural,alta
afilado,high,moral,neutro,singular,alta
afilados,high,moral,masculino,plural,alta
cortante,high,moral,neutro,singular,alta
cortantes,high,moral,masculino,plural,alta
lacerante,high,moral,neutro,singular,alta
lacerantes,high,moral,masculino,plural,alta
hiriente,high,moral,neutro,singular,alta
hirientes,high,moral,masculino,plural,alta
punzante,high,moral,neutro,singular,alta
punzantes,high,moral,masculino,plural,alta
pinchante,high,moral,neutro,singular,alta
pinchantes,high,moral,masculino,plural,alta
doloroso,high,moral,neutro,singular,alta
dolorosos,high,moral,masculino,plural,alta
angustioso,high,moral,neutro,singular,alta
angustiosos,high,moral,masculino,plural,alta
tortuoso,high,moral,neutro,singular,alta
tortuosos,high,moral,masculino,plural,alta
atormentado,high,moral,neutro,singular,alta
atormentados,high,moral,masculino,plural,alta
afligido,high,moral,neutro,singular,alta
afligidos,high,moral,masculino,plural,alta
desventurado,high,moral,neutro,singular,alta
desventurada,high,moral,femenino,singular,alta
desventurados,high,moral,masculino,plural,alta
desventuradas,high,moral,femenino,plural,alta
infortunado,high,moral,neutro,singular,alta
infortunados,high,moral,masculino,plural,alta
desgraciado,high,moral,neutro,singular,alta
desgraciada,high,moral,femenino,singular,alta
desgraciados,high,moral,masculino,plural,alta
desgraciadas,high,moral,femenino,plural,alta
desdichado,high,moral,neutro,singular,alta
desdicha,high,moral,femenino,singular,alta
desdichados,high,moral,masculino,plural,alta
desdichas,high,moral,femenino,plural,alta
aciago,high,moral,neutro,singular,alta
aciagos,high,moral,masculino,plural,alta
funesto,high,moral,neutro,singular,alta
funestos,high,moral,masculino,plural,alta
adverso,high,moral,neutro,singular,alta
adversa,high,moral,femenino,singular,alta
adversos,high,moral,masculino,plural,alta
adversas,high,moral,femenino,plural,alta
contrario,high,moral,neutro,singular,alta
contraria,high,moral,femenino,singular,alta
contrarios,high,moral,masculino,plural,alta
contrarias,high,moral,femenino,plural,alta
opuesto,high,moral,neutro,singular,alta
opuesta,high,moral,femenino,singular,alta
opuestos,high,moral,masculino,plural,alta
opuestas,high,moral,femenino,plural,alta
antagonista,high,moral,neutro,singular,alta
antagonistas,high,moral,masculino,plural,alta
rival,high,moral,neutro,singular,alta
rivals,high,moral,masculino,plural,alta
competidor,high,moral,neutro,singular,alta
competidors,high,moral,masculino,plural,alta
enemigo,high,moral,neutro,singular,alta
enemigos,high,moral,masculino,plural,alta
adversario,high,moral,neutro,singular,alta
adversarios,high,moral,masculino,plural,alta
contrincante,high,moral,neutro,singular,alta
contrincantes,high,moral,masculino,plural,alta
oponente,high,moral,neutro,singular,alta
oponentes,high,moral,masculino,plural,alta
antagonista,high,moral,neutro,singular,alta
antagonistas,high,moral,masculino,plural,alta
antagónico,high,moral,neutro,singular,alta
antagónicos,high,moral,masculino,plural,alta
antitético,high,moral,neutro,singular,alta
antitética,high,moral,femenino,singular,alta
antitéticos,high,moral,masculino,plural,alta
antitéticas,high,moral,femenino,plural,alta
contradictorio,high,moral,neutro,singular,alta
contradictoria,high,moral,femenino,singular,alta
contradictorios,high,moral,masculino,plural,alta
contradictorias,high,moral,femenino,plural,alta
paradójico,high,moral,neutro,singular,alta
paradójica,high,moral,femenino,singular,alta
paradójicos,high,moral,masculino,plural,alta
paradójicas,high,moral,femenino,plural,alta
antinómico,high,moral,neutro,singular,alta
antinómicos,high,moral,masculino,plural,alta
dialéctico,high,moral,neutro,singular,alta
dialécticos,high,moral,masculino,plural,alta
conflictivo,high,moral,neutro,singular,alta
conflictivos,high,moral,masculino,plural,alta
discordante,high,moral,neutro,singular,alta
discordantes,high,moral,masculino,plural,alta
disonante,high,moral,neutro,singular,alta
disonantes,high,moral,masculino,plural,alta
desarmónico,high,moral,neutro,singular,alta
desarmónicos,high,moral,masculino,plural,alta
atonalidad,high,moral,neutro,singular,alta
atonalidads,high,moral,masculino,plural,alta
discordancia,high,moral,neutro,singular,alta
discordancias,high,moral,masculino,plural,alta
discordia,high,moral,neutro,singular,alta
discordias,high,moral,masculino,plural,alta
disensión,high,moral,neutro,singular,alta
disensións,high,moral,masculino,plural,alta
disidencia,high,moral,neutro,singular,alta
disidencias,high,moral,masculino,plural,alta
desacuerdo,high,moral,neutro,singular,alta
desacuerdos,high,moral,masculino,plural,alta
desavenencia,high,moral,neutro,singular,alta
desavenencias,high,moral,masculino,plural,alta
fricción,high,moral,neutro,singular,alta
friccións,high,moral,masculino,plural,alta
rozamiento,high,moral,neutro,singular,alta
rozamientos,high,moral,masculino,plural,alta
roce,high,moral,neutro,singular,alta
roces,high,moral,masculino,plural,alta
contacto,high,moral,neutro,singular,alta
contactos,high,moral,masculino,plural,alta
rozante,high,moral,neutro,singular,alta
rozantes,high,moral,masculino,plural,alta
tangente,high,moral,neutro,singular,alta
tangentes,high,moral,masculino,plural,alta
rasante,high,moral,neutro,singular,alta
rasantes,high,moral,masculino,plural,alta
superficial,high,moral,neutro,singular,alta
superficials,high,moral,masculino,plural,alta
epidérmico,high,moral,neutro,singular,alta
epidérmicos,high,moral,masculino,plural,alta
extrínseco,high,moral,neutro,singular,alta
extrínsecos,high,moral,masculino,plural,alta
exógeno,high,moral,neutro,singular,alta
exógenos,high,moral,masculino,plural,alta
exterior,high,moral,neutro,singular,alta
exteriors,high,moral,masculino,plural,alta
externo,high,moral,neutro,singular,alta
externos,high,moral,masculino,plural,alta
periférico,high,moral,neutro,singular,alta
periféricos,high,moral,masculino,plural,alta
marginal,high,moral,neutro,singular,alta
marginals,high,moral,masculino,plural,alta
limítrofe,high,moral,neutro,singular,alta
limítrofes,high,moral,masculino,plural,alta
fronterizo,high,moral,neutro,singular,alta
fronterizos,high,moral,masculino,plural,alta
lindante,high,moral,neutro,singular,alta
lindantes,high,moral,masculino,plural,alta
adyacente,high,moral,neutro,singular,alta
adyacentes,high,moral,masculino,plural,alta
contiguo,high,moral,neutro,singular,alta
contiguos,high,moral,masculino,plural,alta
colindante,high,moral,neutro,singular,alta
colindantes,high,moral,masculino,plural,alta
yuxtapuesto,high,moral,neutro,singular,alta
yuxtapuestos,high,moral,masculino,plural,alta
paralelo,high,moral,neutro,singular,alta
paralelos,high,moral,masculino,plural,alta
simétrico,high,moral,neutro,singular,alta
simétricos,high,moral,masculino,plural,alta
asimétrico,high,moral,neutro,singular,alta
asimétricos,high,moral,masculino,plural,alta
deformado,high,moral,neutro,singular,alta
deformados,high,moral,masculino,plural,alta
distorsionado,high,moral,neutro,singular,alta
distorsionados,high,moral,masculino,plural,alta
desfigurado,high,moral,neutro,singular,alta
desfigurados,high,moral,masculino,plural,alta
alterado,high,moral,neutro,singular,alta
alterados,high,moral,masculino,plural,alta
modificado,high,moral,neutro,singular,alta
modificados,high,moral,masculino,plural,alta
transformado,high,moral,neutro,singular,alta
transformados,high,moral,masculino,plural,alta
transfigurado,high,moral,neutro,singular,alta
transfigurados,high,moral,masculino,plural,alta
metamorfoseado,high,moral,neutro,singular,alta
metamorfoseados,high,moral,masculino,plural,alta
transmutado,high,moral,neutro,singular,alta
transmutados,high,moral,masculino,plural,alta
transustanciado,high,moral,neutro,singular,alta
transustanciados,high,moral,masculino,plural,alta
convertido,high,moral,neutro,singular,alta
convertidos,high,moral,masculino,plural,alta
cambiado,high,moral,neutro,singular,alta
cambiados,high,moral,masculino,plural,alta
variable,high,moral,neutro,singular,alta
variables,high,moral,masculino,plural,alta
versátil,high,moral,neutro,singular,alta
versátils,high,moral,masculino,plural,alta
mutable,high,moral,neutro,singular,alta
mutables,high,moral,masculino,plural,alta
mudable,high,moral,neutro,singular,alta
mudables,high,moral,masculino,plural,alta
inestable,high,moral,neutro,singular,alta
inestables,high,moral,masculino,plural,alta
volátil,high,moral,neutro,singular,alta
volátils,high,moral,masculino,plural,alta
efímero,high,moral,neutro,singular,alta
efímeros,high,moral,masculino,plural,alta
fugaz,high,moral,neutro,singular,alta
fugazs,high,moral,masculino,plural,alta
pasajero,high,moral,neutro,singular,alta
pasajeros,high,moral,masculino,plural,alta
transitorio,high,moral,neutro,singular,alta
transitorios,high,moral,masculino,plural,alta
temporal,high,moral,neutro,singular,alta
temporals,high,moral,masculino,plural,alta
perecedero,high,moral,neutro,singular,alta
perecederos,high,moral,masculino,plural,alta
avaricioso,high,moral,neutro,singular,alta
avariciosa,high,moral,femenino,singular,alta
avariciosos,high,moral,masculino,plural,alta
avariciosas,high,moral,femenino,plural,alta
codicioso,high,moral,neutro,singular,media
codiciosa,high,moral,femenino,singular,media
codiciosos,high,moral,masculino,plural,media
codiciosas,high,moral,femenino,plural,media
roñoso,high,moral,neutro,singular,alta
roñosa,high,moral,femenino,singular,alta
roñosos,high,moral,masculino,plural,alta
roñosas,high,moral,femenino,plural,alta
agarrado,high,moral,neutro,singular,alta
agarrada,high,moral,femenino,singular,alta
agarrados,high,moral,masculino,plural,alta
agarradas,high,moral,femenino,plural,alta
apretado,high,moral,neutro,singular,alta
apretada,high,moral,femenino,singular,alta
apretados,high,moral,masculino,plural,alta
apretadas,high,moral,femenino,plural,alta
cicatero,high,moral,neutro,singular,alta
cicatera,high,moral,femenino,singular,alta
cicateros,high,moral,masculino,plural,alta
cicateras,high,moral,femenino,plural,alta
miserable,high,moral,neutro,singular,alta
miserables,high,moral,masculino,plural,alta
pobre de espíritu,high,moral,neutro,singular,alta
pobre de espíritus,high,moral,masculino,plural,alta
magnánimo invertido,high,moral,neutro,singular,alta
magnánimo invertidos,high,moral,masculino,plural,alta
egoísta,high,moral,neutro,singular,alta
egoístas,high,moral,masculino,plural,alta
egotista,high,moral,neutro,singular,alta
egotistas,high,moral,masculino,plural,alta
centrado,high,moral,neutro,singular,alta
centrados,high,moral,masculino,plural,alta
autocomplaciente,high,moral,neutro,singular,alta
autocomplacientes,high,moral,masculino,plural,alta
autosatisfecho,high,moral,neutro,singular,alta
autosatisfechos,high,moral,masculino,plural,alta
narcisista,high,moral,neutro,singular,alta
narcisistas,high,moral,masculino,plural,alta
vanidoso,high,moral,neutro,singular,alta
vanidosa,high,moral,femenino,singular,alta
vanidosos,high,moral,masculino,plural,alta
vanidosas,high,moral,femenino,plural,alta
jactancioso,high,moral,neutro,singular,alta
jactanciosa,high,moral,femenino,singular,alta
jactanciosos,high,moral,masculino,plural,alta
jactanciosas,high,moral,femenino,plural,alta
fanfarrón,high,moral,neutro,singular,alta
fanfarrona,high,moral,femenino,singular,alta
fanfarróns,high,moral,masculino,plural,alta
fanfarronas,high,moral,femenino,plural,alta
charlatan,high,moral,neutro,singular,alta
charlatans,high,moral,masculino,plural,alta
matarife,high,moral,neutro,singular,alta
matarifes,high,moral,masculino,plural,alta
matachín,high,moral,neutro,singular,alta
matachíns,high,moral,masculino,plural,alta
prepotente,high,moral,neutro,singular,alta
prepotentes,high,moral,masculino,plural,alta
dominante,high,moral,neutro,singular,alta
dominantes,high,moral,masculino,plural,alta
tiránico,high,moral,neutro,singular,alta
tiránicos,high,moral,masculino,plural,alta
despótico,high,moral,neutro,singular,alta
despóticos,high,moral,masculino,plural,alta
autoritario,high,moral,neutro,singular,alta
autoritaria,high,moral,femenino,singular,alta
autoritarios,high,moral,masculino,plural,alta
autoritarias,high,moral,femenino,plural,alta
autocrático,high,moral,neutro,singular,alta
autocráticos,high,moral,masculino,plural,alta
dictatorial,high,moral,neutro,singular,alta
dictatorials,high,moral,masculino,plural,alta
oligárquico,high,moral,neutro,singular,alta
oligárquicos,high,moral,masculino,plural,alta
plutócrata,high,moral,neutro,singular,alta
plutócratas,high,moral,masculino,plural,alta
magnate,high,moral,neutro,singular,alta
magnates,high,moral,masculino,plural,alta
poderoso,high,moral,neutro,singular,alta
poderosos,high,moral,masculino,plural,alta
todopoderoso,high,moral,neutro,singular,alta
todopoderosos,high,moral,masculino,plural,alta
omnipotente,high,moral,neutro,singular,alta
omnipotentes,high,moral,masculino,plural,alta
ubicuo,high,moral,neutro,singular,alta
ubicuos,high,moral,masculino,plural,alta
omnipresente,high,moral,neutro,singular,alta
omnipresentes,high,moral,masculino,plural,alta
omnisciente,high,moral,neutro,singular,alta
omniscientes,high,moral,masculino,plural,alta
todopoderoso,high,moral,neutro,singular,alta
todopoderosos,high,moral,masculino,plural,alta
invencible,high,moral,neutro,singular,alta
invencibles,high,moral,masculino,plural,alta
imbatible,high,moral,neutro,singular,alta
imbatibles,high,moral,masculino,plural,alta
invulnerable,high,moral,neutro,singular,alta
invulnerables,high,moral,masculino,plural,alta
indestructible,high,moral,neutro,singular,alta
indestructibles,high,moral,masculino,plural,alta
imperecedero,high,moral,neutro,singular,alta
imperecederos,high,moral,masculino,plural,alta
eterno,high,moral,neutro,singular,alta
eternos,high,moral,masculino,plural,alta
infinito,high,moral,neutro,singular,alta
infinitos,high,moral,masculino,plural,alta
ilimitado,high,moral,neutro,singular,alta
ilimitados,high,moral,masculino,plural,alta
sin límites,high,moral,neutro,singular,alta
sin límitess,high,moral,masculino,plural,alta
desenfrenado,high,moral,neutro,singular,alta
desenfrenada,high,moral,femenino,singular,alta
desenfrenados,high,moral,masculino,plural,alta
desenfrenadas,high,moral,femenino,plural,alta
incoercible,high,moral,neutro,singular,alta
incoercibles,high,moral,masculino,plural,alta
indomable,high,moral,neutro,singular,alta
indomables,high,moral,masculino,plural,alta
incontrolable,high,moral,neutro,singular,alta
incontrolables,high,moral,masculino,plural,alta
irrefrenable,high,moral,neutro,singular,alta
irrefrenables,high,moral,masculino,plural,alta
imparable,high,moral,neutro,singular,alta
imparables,high,moral,masculino,plural,alta
incontenible,high,moral,neutro,singular,alta
incontenibles,high,moral,masculino,plural,alta
irreprimible,high,moral,neutro,singular,alta
irreprimibles,high,moral,masculino,plural,alta
inevitable,high,moral,neutro,singular,alta
inevitables,high,moral,masculino,plural,alta
fatídico,high,moral,neutro,singular,alta
fatídicos,high,moral,masculino,plural,alta
predestinado,high,moral,neutro,singular,alta
predestinados,high,moral,masculino,plural,alta
malhechor,high,moral,neutro,singular,alta
malhechors,high,moral,masculino,plural,alta
delincuente,high,moral,neutro,singular,alta
delincuentes,high,moral,masculino,plural,alta
criminal,high,moral,neutro,singular,alta
criminals,high,moral,masculino,plural,alta
asesino,high,moral,neutro,singular,alta
asesina,high,moral,femenino,singular,alta
asesinos,high,moral,masculino,plural,alta
asesinas,high,moral,femenino,plural,alta
homicida,high,moral,neutro,singular,alta
homicidas,high,moral,masculino,plural,alta
sicario,high,moral,neutro,singular,alta
sicaria,high,moral,femenino,singular,alta
sicarios,high,moral,masculino,plural,alta
sicarias,high,moral,femenino,plural,alta
verdugo,high,moral,neutro,singular,alta
verdugos,high,moral,masculino,plural,alta
torturador,high,moral,neutro,singular,alta
torturadora,high,moral,femenino,singular,alta
torturadors,high,moral,masculino,plural,alta
torturadoras,high,moral,femenino,plural,alta
tirano,high,moral,neutro,singular,alta
tirana,high,moral,femenino,singular,alta
tiranos,high,moral,masculino,plural,alta
tiranas,high,moral,femenino,plural,alta
déspota,high,moral,neutro,singular,alta
déspotas,high,moral,masculino,plural,alta
autócrata,high,moral,neutro,singular,alta
autócratas,high,moral,masculino,plural,alta
dictador,high,moral,neutro,singular,alta
dictadora,high,moral,femenino,singular,alta
dictadors,high,moral,masculino,plural,alta
dictadoras,high,moral,femenino,plural,alta
dogmático,high,moral,neutro,singular,alta
dogmática,high,moral,femenino,singular,alta
dogmáticos,high,moral,masculino,plural,alta
dogmáticas,high,moral,femenino,plural,alta
intransigente,high,moral,neutro,singular,alta
intransigentes,high,moral,masculino,plural,alta
irreductible,high,moral,neutro,singular,alta
irreductibles,high,moral,masculino,plural,alta
inflexible,high,moral,neutro,singular,alta
inflexibles,high,moral,masculino,plural,alta
tenaz,high,moral,neutro,singular,alta
tenazs,high,moral,masculino,plural,alta
obsesivo,high,moral,neutro,singular,alta
obsesiva,high,moral,femenino,singular,alta
obsesivos,high,moral,masculino,plural,alta
obsesivas,high,moral,femenino,plural,alta
compulsivo,high,moral,neutro,singular,alta
compulsiva,high,moral,femenino,singular,alta
compulsivos,high,moral,masculino,plural,alta
compulsivas,high,moral,femenino,plural,alta
maníaco,high,moral,neutro,singular,alta
maníaca,high,moral,femenino,singular,alta
maníacos,high,moral,masculino,plural,alta
maníacas,high,moral,femenino,plural,alta
fanático,high,moral,neutro,singular,alta
fanática,high,moral,femenino,singular,alta
fanáticos,high,moral,masculino,plural,alta
fanáticas,high,moral,femenino,plural,alta
radical,high,moral,neutro,singular,alta
radicals,high,moral,masculino,plural,alta
extremista,high,moral,neutro,singular,alta
extremistas,high,moral,masculino,plural,alta
fundamentalista,high,moral,neutro,singular,alta
fundamentalistas,high,moral,masculino,plural,alta
sectario,high,moral,neutro,singular,alta
sectaria,high,moral,femenino,singular,alta
sectarios,high,moral,masculino,plural,alta
sectarias,high,moral,femenino,plural,alta
herético,high,moral,neutro,singular,alta
herética,high,moral,femenino,singular,alta
heréticos,high,moral,masculino,plural,alta
heréticas,high,moral,femenino,plural,alta
apóstata,high,moral,neutro,singular,alta
apóstatas,high,moral,masculino,plural,alta
renegado,high,moral,neutro,singular,alta
renegada,high,moral,femenino,singular,alta
renegados,high,moral,masculino,plural,alta
renegadas,high,moral,femenino,plural,alta
esbirro,high,moral,neutro,singular,alta
esbirra,high,moral,femenino,singular,alta
esbirros,high,moral,masculino,plural,alta
esbirras,high,moral,femenino,plural,alta
perpetrador,high,moral,neutro,singular,alta
perpetradora,high,moral,femenino,singular,alta
perpetradors,high,moral,masculino,plural,alta
perpetradoras,high,moral,femenino,plural,alta
instigador,high,moral,neutro,singular,alta
instigadora,high,moral,femenino,singular,alta
instigadors,high,moral,masculino,plural,alta
instigadoras,high,moral,femenino,plural,alta
cómplice,high,moral,neutro,singular,alta
cómplices,high,moral,masculino,plural,alta
cooperador,high,moral,neutro,singular,alta
cooperadora,high,moral,femenino,singular,alta
cooperadors,high,moral,masculino,plural,alta
cooperadoras,high,moral,femenino,plural,alta
colaborador,high,moral,neutro,singular,alta
colaboradora,high,moral,femenino,singular,alta
colaboradors,high,moral,masculino,plural,alta
colaboradoras,high,moral,femenino,plural,alta
confabulador,high,moral,neutro,singular,alta
confabuladora,high,moral,femenino,singular,alta
confabuladors,high,moral,masculino,plural,alta
confabuladoras,high,moral,femenino,plural,alta
conspirador,high,moral,neutro,singular,alta
conspiradora,high,moral,femenino,singular,alta
conspiradors,high,moral,masculino,plural,alta
conspiradoras,high,moral,femenino,plural,alta
conjurado,high,moral,neutro,singular,alta
conjurada,high,moral,femenino,singular,alta
conjurados,high,moral,masculino,plural,alta
conjuradas,high,moral,femenino,plural,alta
putchista,high,moral,neutro,singular,alta
putchistas,high,moral,masculino,plural,alta
sediciosa,high,moral,neutro,singular,alta
sediciosas,high,moral,masculino,plural,alta
subversivo,high,moral,neutro,singular,alta
subversiva,high,moral,femenino,singular,alta
subversivos,high,moral,masculino,plural,alta
subversivas,high,moral,femenino,plural,alta
revolucionario,high,moral,neutro,singular,alta
revolucionaria,high,moral,femenino,singular,alta
revolucionarios,high,moral,masculino,plural,alta
revolucionarias,high,moral,femenino,plural,alta
insurgente,high,moral,neutro,singular,alta
insurgentes,high,moral,masculino,plural,alta
rebelde,high,moral,neutro,singular,alta
rebeldes,high,moral,masculino,plural,alta
levantisco,high,moral,neutro,singular,alta
levantisca,high,moral,femenino,singular,alta
levantiscos,high,moral,masculino,plural,alta
levantiscas,high,moral,femenino,plural,alta
sedicioso,high,moral,neutro,singular,alta
sediciosos,high,moral,masculino,plural,alta
factioso,high,moral,neutro,singular,alta
facticiosa,high,moral,femenino,singular,alta
factiosos,high,moral,masculino,plural,alta
facticiosas,high,moral,femenino,plural,alta
tumultuario,high,moral,neutro,singular,alta
tumultuarios,high,moral,masculino,plural,alta
pendenciero,high,moral,neutro,singular,alta
pendenciera,high,moral,femenino,singular,alta
pendencieros,high,moral,masculino,plural,alta
pendencieras,high,moral,femenino,plural,alta
alborotador,high,moral,neutro,singular,alta
alborotadora,high,moral,femenino,singular,alta
alborotadors,high,moral,masculino,plural,alta
alborotadoras,high,moral,femenino,plural,alta
amotinador,high,moral,neutro,singular,alta
amotinadora,high,moral,femenino,singular,alta
amotinadors,high,moral,masculino,plural,alta
amotinadoras,high,moral,femenino,plural,alta
sedicioso,high,moral,neutro,singular,alta
sediciosos,high,moral,masculino,plural,alta
revolucionario,high,moral,neutro,singular,alta
revolucionaria,high,moral,femenino,singular,alta
revolucionarios,high,moral,masculino,plural,alta
revolucionarias,high,moral,femenino,plural,alta
jacobino,high,moral,neutro,singular,alta
jacobina,high,moral,femenino,singular,alta
jacobinos,high,moral,masculino,plural,alta
jacobinas,high,moral,femenino,plural,alta
bolchevique,high,moral,neutro,singular,alta
bolcheviques,high,moral,masculino,plural,alta
comunista,high,moral,neutro,singular,alta
comunistas,high,moral,masculino,plural,alta
socialista,high,moral,neutro,singular,alta
socialistas,high,moral,masculino,plural,alta
anarquista,high,moral,neutro,singular,alta
anarquistas,high,moral,masculino,plural,alta
nihilista,high,moral,neutro,singular,alta
nihilistas,high,moral,masculino,plural,alta
iconoclasta,high,moral,neutro,singular,alta
iconoclastas,high,moral,masculino,plural,alta
demoledor,high,moral,neutro,singular,alta
demodora,high,moral,femenino,singular,alta
demoledors,high,moral,masculino,plural,alta
demodoras,high,moral,femenino,plural,alta
destructivo,high,moral,neutro,singular,alta
destructiva,high,moral,femenino,singular,alta
destructivos,high,moral,masculino,plural,alta
destructivas,high,moral,femenino,plural,alta
devastador,high,moral,neutro,singular,alta
devastadora,high,moral,femenino,singular,alta
devastadors,high,moral,masculino,plural,alta
devastadoras,high,moral,femenino,plural,alta
arrasador,high,moral,neutro,singular,alta
arrasadora,high,moral,femenino,singular,alta
arrasadors,high,moral,masculino,plural,alta
arrasadoras,high,moral,femenino,plural,alta
aniquilador,high,moral,neutro,singular,alta
aniquiladora,high,moral,femenino,singular,alta
aniquiladors,high,moral,masculino,plural,alta
aniquiladoras,high,moral,femenino,plural,alta
exterminador,high,moral,neutro,singular,alta
exterminadora,high,moral,femenino,singular,alta
exterminadors,high,moral,masculino,plural,alta
exterminadoras,high,moral,femenino,plural,alta
genocida,high,moral,neutro,singular,alta
genocidas,high,moral,masculino,plural,alta
masacrador,high,moral,neutro,singular,alta
masacradora,high,moral,femenino,singular,alta
masacradors,high,moral,masculino,plural,alta
masacradoras,high,moral,femenino,plural,alta
degollador,high,moral,neutro,singular,alta
degolladora,high,moral,femenino,singular,alta
degolladors,high,moral,masculino,plural,alta
degolladoras,high,moral,femenino,plural,alta
apuñalador,high,moral,neutro,singular,alta
apuñaladora,high,moral,femenino,singular,alta
apuñaladors,high,moral,masculino,plural,alta
apuñaladoras,high,moral,femenino,plural,alta
estrangulador,high,moral,neutro,singular,alta
estranguladora,high,moral,femenino,singular,alta
estranguladors,high,moral,masculino,plural,alta
estranguladoras,high,moral,femenino,plural,alta
envenenador,high,moral,neutro,singular,alta
envenenadora,high,moral,femenino,singular,alta
envenenadors,high,moral,masculino,plural,alta
envenenadoras,high,moral,femenino,plural,alta
incendiario,high,moral,neutro,singular,alta
incendiaria,high,moral,femenino,singular,alta
incendiarios,high,moral,masculino,plural,alta
incendiarias,high,moral,femenino,plural,alta
pirómano,high,moral,neutro,singular,alta
pirómana,high,moral,femenino,singular,alta
pirómanos,high,moral,masculino,plural,alta
pirómanas,high,moral,femenino,plural,alta
cleptómano,high,moral,neutro,singular,alta
cleptómana,high,moral,femenino,singular,alta
cleptómanos,high,moral,masculino,plural,alta
cleptómanas,high,moral,femenino,plural,alta
psicópata,high,moral,neutro,singular,alta
psicópatas,high,moral,masculino,plural,alta
sociópata,high,moral,neutro,singular,alta
sociópatas,high,moral,masculino,plural,alta
depravado,high,moral,neutro,singular,alta
depravada,high,moral,femenino,singular,alta
depravados,high,moral,masculino,plural,alta
depravadas,high,moral,femenino,plural,alta
pervertido,high,moral,neutro,singular,alta
pervertida,high,moral,femenino,singular,alta
pervertidos,high,moral,masculino,plural,alta
pervertidas,high,moral,femenino,plural,alta
corruptor,high,moral,neutro,singular,alta
corruptora,high,moral,femenino,singular,alta
corruptors,high,moral,masculino,plural,alta
corruptoras,high,moral,femenino,plural,alta
seductor,high,moral,neutro,singular,alta
seductora,high,moral,femenino,singular,alta
seductors,high,moral,masculino,plural,alta
seductoras,high,moral,femenino,plural,alta
tentador,high,moral,neutro,singular,alta
tentadora,high,moral,femenino,singular,alta
tentadors,high,moral,masculino,plural,alta
tentadoras,high,moral,femenino,plural,alta
corrupto,high,moral,neutro,singular,alta
corrupta,high,moral,femenino,singular,alta
corruptos,high,moral,masculino,plural,alta
corruptas,high,moral,femenino,plural,alta
sobornado,high,moral,neutro,singular,alta
sobornada,high,moral,femenino,singular,alta
sobornados,high,moral,masculino,plural,alta
sobornadas,high,moral,femenino,plural,alta
coechado,high,moral,neutro,singular,alta
coechada,high,moral,femenino,singular,alta
coechados,high,moral,masculino,plural,alta
coechadas,high,moral,femenino,plural,alta
comprado,high,moral,neutro,singular,alta
comprada,high,moral,femenino,singular,alta
comprados,high,moral,masculino,plural,alta
compradas,high,moral,femenino,plural,alta
vendido,high,moral,neutro,singular,alta
vendida,high,moral,femenino,singular,alta
vendidos,high,moral,masculino,plural,alta
vendidas,high,moral,femenino,plural,alta
traidor,high,moral,neutro,singular,alta
traidora,high,moral,femenino,singular,alta
traidors,high,moral,masculino,plural,alta
traidoras,high,moral,femenino,plural,alta
judas,high,moral,neutro,singular,alta
judass,high,moral,masculino,plural,alta
Quisling,high,moral,neutro,singular,alta
Quislings,high,moral,masculino,plural,alta
colaboracionista,high,moral,neutro,singular,alta
colaboracionistas,high,moral,masculino,plural,alta
frágil,high,moral,neutro,singular,alta
frágils,high,moral,masculino,plural,alta
delicado,high,moral,neutro,singular,alta
delicada,high,moral,femenino,singular,alta
delicados,high,moral,masculino,plural,alta
delicadas,high,moral,femenino,plural,alta
quebradizo,high,moral,neutro,singular,alta
quebradiza,high,moral,femenino,singular,alta
quebradizos,high,moral,masculino,plural,alta
quebradizas,high,moral,femenino,plural,alta
endeble,high,moral,neutro,singular,alta
endebles,high,moral,masculino,plural,alta
raquítico,high,moral,neutro,singular,alta
raquítica,high,moral,femenino,singular,alta
raquíticos,high,moral,masculino,plural,alta
raquíticas,high,moral,femenino,plural,alta
escuálido,high,moral,neutro,singular,alta
escuálida,high,moral,femenino,singular,alta
escuálidos,high,moral,masculino,plural,alta
escuálidas,high,moral,femenino,plural,alta
desnutrido,high,moral,neutro,singular,alta
desnutrida,high,moral,femenino,singular,alta
desnutridos,high,moral,masculino,plural,alta
desnutridas,high,moral,femenino,plural,alta
famélico,high,moral,neutro,singular,alta
famélica,high,moral,femenino,singular,alta
famélicos,high,moral,masculino,plural,alta
famélicas,high,moral,femenino,plural,alta
hambriento,high,moral,neutro,singular,alta
hambrienta,high,moral,femenino,singular,alta
hambrientos,high,moral,masculino,plural,alta
hambrientas,high,moral,femenino,plural,alta
sediento,high,moral,neutro,singular,alta
sedienta,high,moral,femenino,singular,alta
sedientos,high,moral,masculino,plural,alta
sedientas,high,moral,femenino,plural,alta
necesitado,high,moral,neutro,singular,alta
necesitada,high,moral,femenino,singular,alta
necesitados,high,moral,masculino,plural,alta
necesitadas,high,moral,femenino,plural,alta
menesteroso,high,moral,neutro,singular,alta
menesterosa,high,moral,femenino,singular,alta
menesterosos,high,moral,masculino,plural,alta
menesterosas,high,moral,femenino,plural,alta
desgraciado,high,moral,neutro,singular,alta
desgraciada,high,moral,femenino,singular,alta
desgraciados,high,moral,masculino,plural,alta
desgraciadas,high,moral,femenino,plural,alta
desdichado,high,moral,neutro,singular,alta
desdicha,high,moral,femenino,singular,alta
desdichados,high,moral,masculino,plural,alta
desdichas,high,moral,femenino,plural,alta
aciago,high,moral,neutro,singular,alta
aciagos,high,moral,masculino,plural,alta
funesto,high,moral,neutro,singular,alta
funestos,high,moral,masculino,plural,alta
maléfico,high,moral,neutro,singular,alta
maléficos,high,moral,masculino,plural,alta
adverso,high,moral,neutro,singular,alta
adversa,high,moral,femenino,singular,alta
adversos,high,moral,masculino,plural,alta
adversas,high,moral,femenino,plural,alta
desfavorable,high,moral,neutro,singular,alta
desfavorables,high,moral,masculino,plural,alta
contrario,high,moral,neutro,singular,alta
contraria,high,moral,femenino,singular,alta
contrarios,high,moral,masculino,plural,alta
contrarias,high,moral,femenino,plural,alta
opuesto,high,moral,neutro,singular,alta
opuesta,high,moral,femenino,singular,alta
opuestos,high,moral,masculino,plural,alta
opuestas,high,moral,femenino,plural,alta
antitético,high,moral,neutro,singular,alta
antitética,high,moral,femenino,singular,alta
antitéticos,high,moral,masculino,plural,alta
antitéticas,high,moral,femenino,plural,alta
incompatible,high,moral,neutro,singular,alta
incompatibles,high,moral,masculino,plural,alta
incongruente,high,moral,neutro,singular,alta
incongruentes,high,moral,masculino,plural,alta
incoherente,high,moral,neutro,singular,alta
incoherentes,high,moral,masculino,plural,alta
contradictorio,high,moral,neutro,singular,alta
contradictoria,high,moral,femenino,singular,alta
contradictorios,high,moral,masculino,plural,alta
contradictorias,high,moral,femenino,plural,alta
paradójico,high,moral,neutro,singular,alta
paradójica,high,moral,femenino,singular,alta
paradójicos,high,moral,masculino,plural,alta
paradójicas,high,moral,femenino,plural,alta
absurdo,high,moral,neutro,singular,alta
absurda,high,moral,femenino,singular,alta
absurdos,high,moral,masculino,plural,alta
absurdas,high,moral,femenino,plural,alta
irrisorio,high,moral,neutro,singular,baja
irrisoria,high,moral,femenino,singular,baja
irrisorios,high,moral,masculino,plural,baja
irrisorias,high,moral,femenino,plural,baja
cómico,high,moral,neutro,singular,alta
cómica,high,moral,femenino,singular,alta
cómicos,high,moral,masculino,plural,alta
cómicas,high,moral,femenino,plural,alta
jocoso,high,moral,neutro,singular,alta
jocosa,high,moral,femenino,singular,alta
jocosos,high,moral,masculino,plural,alta
jocosas,high,moral,femenino,plural,alta
chusco,high,moral,neutro,singular,alta
chusca,high,moral,femenino,singular,alta
chuscos,high,moral,masculino,plural,alta
chuscas,high,moral,femenino,plural,alta
picaresco,high,moral,neutro,singular,alta
picaresca,high,moral,femenino,singular,alta
picarescos,high,moral,masculino,plural,alta
picarescas,high,moral,femenino,plural,alta
chocarrero,high,moral,neutro,singular,alta
chocarrera,high,moral,femenino,singular,alta
chocarreros,high,moral,masculino,plural,alta
chocarreras,high,moral,femenino,plural,alta
bufonesco,high,moral,neutro,singular,alta
bufoneska,high,moral,femenino,singular,alta
bufonescos,high,moral,masculino,plural,alta
bufoneskas,high,moral,femenino,plural,alta
payasada,high,moral,neutro,singular,alta
payasadas,high,moral,masculino,plural,alta
circo,high,moral,neutro,singular,alta
circos,high,moral,masculino,plural,alta
espectáculo,high,moral,neutro,singular,alta
espectáculos,high,moral,masculino,plural,alta
teatro,high,moral,neutro,singular,alta
teatros,high,moral,masculino,plural,alta
sainete,high,moral,neutro,singular,alta
sainetes,high,moral,masculino,plural,alta
farsa,high,moral,neutro,singular,alta
farsas,high,moral,masculino,plural,alta
simulación,high,moral,neutro,singular,alta
simulacións,high,moral,masculino,plural,alta
ficción,high,moral,neutro,singular,alta
ficcións,high,moral,masculino,plural,alta
mentira,high,moral,neutro,singular,alta
mentiras,high,moral,masculino,plural,alta
engaño,high,moral,neutro,singular,alta
engaños,high,moral,masculino,plural,alta
timo,high,moral,neutro,singular,alta
timos,high,moral,masculino,plural,alta
estafa,high,moral,neutro,singular,alta
estafas,high,moral,masculino,plural,alta
defraudación,high,moral,neutro,singular,alta
defraudacións,high,moral,masculino,plural,alta
malversación,high,moral,neutro,singular,alta
malversacións,high,moral,masculino,plural,alta
robo,high,moral,neutro,singular,alta
robos,high,moral,masculino,plural,alta
hurto,high,moral,neutro,singular,alta
hurtos,high,moral,masculino,plural,alta
latrocinio,high,moral,neutro,singular,alta
latrocinios,high,moral,masculino,plural,alta
pillaje,high,moral,neutro,singular,alta
pillajes,high,moral,masculino,plural,alta
saqueo,high,moral,neutro,singular,alta
saqueos,high,moral,masculino,plural,alta
expolio,high,moral,neutro,singular,alta
expolios,high,moral,masculino,plural,alta
despojo,high,moral,neutro,singular,alta
despojos,high,moral,masculino,plural,alta
usurpación,high,moral,neutro,singular,alta
usurpacións,high,moral,masculino,plural,alta
apropiación,high,moral,neutro,singular,alta
apropiacións,high,moral,masculino,plural,alta
ocupación,high,moral,neutro,singular,alta
ocupacións,high,moral,masculino,plural,alta
invasión,high,moral,neutro,singular,alta
invasións,high,moral,masculino,plural,alta
infiltración,high,moral,neutro,singular,alta
infiltracións,high,moral,masculino,plural,alta
penetración,high,moral,neutro,singular,alta
penetracións,high,moral,masculino,plural,alta
intromisión,high,moral,neutro,singular,alta
intromisións,high,moral,masculino,plural,alta
injerencia,high,moral,neutro,singular,alta
injerencias,high,moral,masculino,plural,alta
interferencia,high,moral,neutro,singular,alta
interferencias,high,moral,masculino,plural,alta
obstaculización,high,moral,neutro,singular,alta
obstaculizacións,high,moral,masculino,plural,alta
obstrucción,high,moral,neutro,singular,alta
obstruccións,high,moral,masculino,plural,alta
entorpecimiento,high,moral,neutro,singular,alta
entorpecimientos,high,moral,masculino,plural,alta
traba,high,moral,neutro,singular,alta
trabas,high,moral,masculino,plural,alta
impedimento,high,moral,neutro,singular,alta
impedimentos,high,moral,masculino,plural,alta
obstáculo,high,moral,neutro,singular,alta
obstáculos,high,moral,masculino,plural,alta
barrera,high,moral,neutro,singular,alta
barreras,high,moral,masculino,plural,alta
muro,high,moral,neutro,singular,alta
muros,high,moral,masculino,plural,alta
valla,high,moral,neutro,singular,alta
vallas,high,moral,masculino,plural,alta
cerca,high,moral,neutro,singular,alta
cercas,high,moral,masculino,plural,alta
enrejado,high,moral,neutro,singular,alta
enrejados,high,moral,masculino,plural,alta
empalizada,high,moral,neutro,singular,alta
empalizadas,high,moral,masculino,plural,alta
fortín,high,moral,neutro,singular,alta
fortíns,high,moral,masculino,plural,alta
reducto,high,moral,neutro,singular,alta
reductos,high,moral,masculino,plural,alta
bastión,high,moral,neutro,singular,alta
bastións,high,moral,masculino,plural,alta
baluarte,high,moral,neutro,singular,alta
baluartes,high,moral,masculino,plural,alta
peaje,high,moral,neutro,singular,alta
peajes,high,moral,masculino,plural,alta
tributo,high,moral,neutro,singular,alta
tributos,high,moral,masculino,plural,alta
impuesto,high,moral,neutro,singular,alta
impuestos,high,moral,masculino,plural,alta
gravamen,high,moral,neutro,singular,alta
gravamens,high,moral,masculino,plural,alta
arancel,high,moral,neutro,singular,alta
arancels,high,moral,masculino,plural,alta
cuota,high,moral,neutro,singular,alta
cuotas,high,moral,masculino,plural,alta
tasa,high,moral,neutro,singular,alta
tasas,high,moral,masculino,plural,alta
tarifa,high,moral,neutro,singular,alta
tarifas,high,moral,masculino,plural,alta
arancelaria,high,moral,neutro,singular,alta
arancelarias,high,moral,masculino,plural,alta
aduanero,high,moral,neutro,singular,alta
aduaneros,high,moral,masculino,plural,alta
fiscal,high,moral,neutro,singular,alta
fiscals,high,moral,masculino,plural,alta
tributario,high,moral,neutro,singular,alta
tributarios,high,moral,masculino,plural,alta
contributivo,high,moral,neutro,singular,alta
contributivos,high,moral,masculino,plural,alta
recaudatorio,high,moral,neutro,singular,alta
recaudatorios,high,moral,masculino,plural,alta
exigible,high,moral,neutro,singular,alta
exigibles,high,moral,masculino,plural,alta
aberrante,high,moral,neutro,singular,alta
aberrantes,high,moral,masculino,plural,alta
abominable,high,moral,neutro,singular,alta
abominables,high,moral,masculino,plural,alta
abjecto,high,moral,neutro,singular,alta
abjectos,high,moral,masculino,plural,alta
ablativo,high,moral,neutro,singular,alta
ablativos,high,moral,masculino,plural,alta
abnegación,high,moral,neutro,singular,alta
abnegacións,high,moral,masculino,plural,alta
abominación,high,moral,neutro,singular,alta
abominacións,high,moral,masculino,plural,alta
abrasador,high,moral,neutro,singular,alta
abrasadors,high,moral,masculino,plural,alta
abrasante,high,moral,neutro,singular,alta
abrasantes,high,moral,masculino,plural,alta
abriegador,high,moral,neutro,singular,alta
abriegadors,high,moral,masculino,plural,alta
abrumador,high,moral,neutro,singular,alta
abrumadors,high,moral,masculino,plural,alta
absorbente,high,moral,neutro,singular,alta
absorbentes,high,moral,masculino,plural,alta
abstenente,high,moral,neutro,singular,alta
abstenentes,high,moral,masculino,plural,alta
abstinente,high,moral,neutro,singular,alta
abstinentes,high,moral,masculino,plural,alta
absurdo,high,moral,neutro,singular,alta
absurda,high,moral,femenino,singular,alta
absurdos,high,moral,masculino,plural,alta
absurdas,high,moral,femenino,plural,alta
abuelo,high,moral,neutro,singular,alta
abuelos,high,moral,masculino,plural,alta
abultado,high,moral,neutro,singular,alta
abultados,high,moral,masculino,plural,alta
abultador,high,moral,neutro,singular,alta
abultadors,high,moral,masculino,plural,alta
abuso,high,moral,neutro,singular,alta
abusos,high,moral,masculino,plural,alta
abusador,high,moral,neutro,singular,alta
abusadors,high,moral,masculino,plural,alta
abusivo,high,moral,neutro,singular,alta
abusivos,high,moral,masculino,plural,alta
acabador,high,moral,neutro,singular,alta
acabadors,high,moral,masculino,plural,alta
acaballado,high,moral,neutro,singular,alta
acaballados,high,moral,masculino,plural,alta
acaballadizo,high,moral,neutro,singular,alta
acaballadizos,high,moral,masculino,plural,alta
acaballar,high,moral,neutro,singular,alta
acaballars,high,moral,masculino,plural,alta
acabamiento,high,moral,neutro,singular,alta
acabamientos,high,moral,masculino,plural,alta
acabar,high,moral,neutro,singular,alta
acabars,high,moral,masculino,plural,alta
acabellado,high,moral,neutro,singular,alta
acabellados,high,moral,masculino,plural,alta
acabellador,high,moral,neutro,singular,alta
acabelladors,high,moral,masculino,plural,alta
acabelladura,high,moral,neutro,singular,alta
acabelladuras,high,moral,masculino,plural,alta
acabellamiento,high,moral,neutro,singular,alta
acabellamientos,high,moral,masculino,plural,alta
acabellante,high,moral,neutro,singular,alta
acabellantes,high,moral,masculino,plural,alta
acabellantemente,high,moral,neutro,singular,alta
acabellantementes,high,moral,masculino,plural,alta
acabellantería,high,moral,neutro,singular,alta
acabellanterías,high,moral,masculino,plural,alta
acabellanticidad,high,moral,neutro,singular,alta
acabellanticidads,high,moral,masculino,plural,alta
acabellantil,high,moral,neutro,singular,alta
acabellantils,high,moral,masculino,plural,alta
acabellantilmente,high,moral,neutro,singular,alta
acabellantilmentes,high,moral,masculino,plural,alta
acabellantilería,high,moral,neutro,singular,alta
acabellantilerías,high,moral,masculino,plural,alta
acabellantilidad,high,moral,neutro,singular,alta
acabellantilidads,high,moral,masculino,plural,alta
acabellantilidad,high,moral,neutro,singular,alta
acabellantilidads,high,moral,masculino,plural,alta
acabellantilismo,high,moral,neutro,singular,alta
acabellantilismos,high,moral,masculino,plural,alta
acabellantilista,high,moral,neutro,singular,alta
acabellantilistas,high,moral,masculino,plural,alta
acabellantilística,high,moral,neutro,singular,alta
acabellantilísticas,high,moral,masculino,plural,alta
acabellantilísticamente,high,moral,neutro,singular,alta
acabellantilísticamentes,high,moral,masculino,plural,alta
acabellantilización,high,moral,neutro,singular,alta
acabellantilizacións,high,moral,masculino,plural,alta
acabellantilizadamente,high,moral,neutro,singular,alta
acabellantilizadamentes,high,moral,masculino,plural,alta
acabellantilizador,high,moral,neutro,singular,alta
acabellantilizadors,high,moral,masculino,plural,alta
acabellantilizadora,high,moral,neutro,singular,alta
acabellantilizadoras,high,moral,masculino,plural,alta
acabellantilizadora,high,moral,neutro,singular,alta
acabellantilizadoras,high,moral,masculino,plural,alta
acabellantilizadora,high,moral,neutro,singular,alta
acabellantilizadoras,high,moral,masculino,plural,alta
acabellantilizadora,high,moral,neutro,singular,alta
acabellantilizadoras,high,moral,masculino,plural,alta
acabellantilizadora,high,moral,neutro,singular,alta
acabellantilizadoras,high,moral,masculino,plural,alta
acabellantilizadora,high,moral,neutro,singular,alta
acabellantilizadoras,high,moral,masculino,plural,alta
acabellantilizadora,high,moral,neutro,singular,alta
acabellantilizadoras,high,moral,masculino,plural,alta
acabellantilizadora,high,moral,neutro,singular,alta
acabellantilizadoras,high,moral,masculino,plural,alta
acaecedor,high,moral,neutro,singular,alta
acaecedors,high,moral,masculino,plural,alta
acaecente,high,moral,neutro,singular,alta
acaecentes,high,moral,masculino,plural,alta
acaecera,high,moral,neutro,singular,alta
acaeceras,high,moral,masculino,plural,alta
acaecería,high,moral,neutro,singular,alta
acaecerías,high,moral,masculino,plural,alta
acaecerá,high,moral,neutro,singular,alta
acaecerás,high,moral,masculino,plural,alta
acaeceré,high,moral,neutro,singular,alta
acaecerés,high,moral,masculino,plural,alta
acaeceremos,high,moral,neutro,singular,alta
acaeceremoss,high,moral,masculino,plural,alta
acaeceremos,high,moral,neutro,singular,alta
acaeceremoss,high,moral,masculino,plural,alta
acaeceres,high,moral,neutro,singular,alta
acaeceress,high,moral,masculino,plural,alta
acaecerla,high,moral,neutro,singular,alta
acaecerlas,high,moral,masculino,plural,alta
acaecerla,high,moral,neutro,singular,alta
acaecerlas,high,moral,masculino,plural,alta
acaecerla,high,moral,neutro,singular,alta
acaecerlas,high,moral,masculino,plural,alta
acaecerla,high,moral,neutro,singular,alta
acaecerlas,high,moral,masculino,plural,alta
acaecerla,high,moral,neutro,singular,alta
acaecerlas,high,moral,masculino,plural,alta
acaecerla,high,moral,neutro,singular,alta
acaecerlas,high,moral,masculino,plural,alta
acaecerle,high,moral,neutro,singular,alta
acaecerles,high,moral,masculino,plural,alta
acaecerle,high,moral,neutro,singular,alta
acaecerles,high,moral,masculino,plural,alta
acaecerle,high,moral,neutro,singular,alta
acaecerles,high,moral,masculino,plural,alta
acaecerle,high,moral,neutro,singular,alta
acaecerles,high,moral,masculino,plural,alta
acaecerle,high,moral,neutro,singular,alta
acaecerles,high,moral,masculino,plural,alta
acaecerle,high,moral,neutro,singular,alta
acaecerles,high,moral,masculino,plural,alta
acaecerles,high,moral,neutro,singular,alta
acaecerless,high,moral,masculino,plural,alta
acaecerles,high,moral,neutro,singular,alta
acaecerless,high,moral,masculino,plural,alta
acaecerles,high,moral,neutro,singular,alta
acaecerless,high,moral,masculino,plural,alta
acaecerles,high,moral,neutro,singular,alta
acaecerless,high,moral,masculino,plural,alta
acaecerles,high,moral,neutro,singular,alta
acaecerless,high,moral,masculino,plural,alta
acaecerles,high,moral,neutro,singular,alta
acaecerless,high,moral,masculino,plural,alta
acaecerlo,high,moral,neutro,singular,alta
acaecerlos,high,moral,masculino,plural,alta
acaecerlo,high,moral,neutro,singular,alta
acaecerlos,high,moral,masculino,plural,alta
acaecerlo,high,moral,neutro,singular,alta
acaecerlos,high,moral,masculino,plural,alta
acaecerlo,high,moral,neutro,singular,alta
acaecerlos,high,moral,masculino,plural,alta
acaecerlo,high,moral,neutro,singular,alta
acaecerlos,high,moral,masculino,plural,alta
acaecerlo,high,moral,neutro,singular,alta
acaecerlos,high,moral,masculino,plural,alta
acaecerlos,high,moral,neutro,singular,alta
acaecerloss,high,moral,masculino,plural,alta
acaecerlos,high,moral,neutro,singular,alta
acaecerloss,high,moral,masculino,plural,alta
acaecerlos,high,moral,neutro,singular,alta
acaecerloss,high,moral,masculino,plural,alta
acaecerlos,high,moral,neutro,singular,alta
acaecerloss,high,moral,masculino,plural,alta
acaecerlos,high,moral,neutro,singular,alta
acaecerloss,high,moral,masculino,plural,alta
acaecerlos,high,moral,neutro,singular,alta
acaecerloss,high,moral,masculino,plural,alta
acaecerme,high,moral,neutro,singular,alta
acaecermes,high,moral,masculino,plural,alta
acaecerme,high,moral,neutro,singular,alta
acaecermes,high,moral,masculino,plural,alta
acaecerme,high,moral,neutro,singular,alta
acaecermes,high,moral,masculino,plural,alta
acaecerme,high,moral,neutro,singular,alta
acaecermes,high,moral,masculino,plural,alta
acaecerme,high,moral,neutro,singular,alta
acaecermes,high,moral,masculino,plural,alta
acaecerme,high,moral,neutro,singular,alta
acaecermes,high,moral,masculino,plural,alta
acaecernos,high,moral,neutro,singular,alta
acaecernoss,high,moral,masculino,plural,alta
acaecernos,high,moral,neutro,singular,alta
acaecernoss,high,moral,masculino,plural,alta
acaecernos,high,moral,neutro,singular,alta
acaecernoss,high,moral,masculino,plural,alta
acaecernos,high,moral,neutro,singular,alta
acaecernoss,high,moral,masculino,plural,alta
acaecernos,high,moral,neutro,singular,alta
acaecernoss,high,moral,masculino,plural,alta
acaecernos,high,moral,neutro,singular,alta
acaecernoss,high,moral,masculino,plural,alta
acaeceros,high,moral,neutro,singular,alta
acaeceross,high,moral,masculino,plural,alta
acaeceros,high,moral,neutro,singular,alta
acaeceross,high,moral,masculino,plural,alta
acaeceros,high,moral,neutro,singular,alta
acaeceross,high,moral,masculino,plural,alta
acaeceros,high,moral,neutro,singular,alta
acaeceross,high,moral,masculino,plural,alta
acaeceros,high,moral,neutro,singular,alta
acaeceross,high,moral,masculino,plural,alta
acaeceros,high,moral,neutro,singular,alta
acaeceross,high,moral,masculino,plural,alta
acaecerá,high,moral,neutro,singular,alta
acaecerás,high,moral,masculino,plural,alta
acaecerá,high,moral,neutro,singular,alta
acaecerás,high,moral,masculino,plural,alta
acaecerá,high,moral,neutro,singular,alta
acaecerás,high,moral,masculino,plural,alta
acaecería,high,moral,neutro,singular,alta
acaecerías,high,moral,masculino,plural,alta
acaecería,high,moral,neutro,singular,alta
acaecerías,high,moral,masculino,plural,alta
acaecería,high,moral,neutro,singular,alta
acaecerías,high,moral,masculino,plural,alta
acaecerían,high,moral,neutro,singular,alta
acaeceríans,high,moral,masculino,plural,alta
acaecerían,high,moral,neutro,singular,alta
acaeceríans,high,moral,masculino,plural,alta
acaecerían,high,moral,neutro,singular,alta
acaeceríans,high,moral,masculino,plural,alta
acaecerían,high,moral,neutro,singular,alta
acaeceríans,high,moral,masculino,plural,alta
acaecerían,high,moral,neutro,singular,alta
acaeceríans,high,moral,masculino,plural,alta
acaecerían,high,moral,neutro,singular,alta
acaeceríans,high,moral,masculino,plural,alta
acaecerías,high,moral,neutro,singular,alta
acaeceríass,high,moral,masculino,plural,alta
acaecerías,high,moral,neutro,singular,alta
acaeceríass,high,moral,masculino,plural,alta
acaecerías,high,moral,neutro,singular,alta
acaeceríass,high,moral,masculino,plural,alta
acaecerías,high,moral,neutro,singular,alta
acaeceríass,high,moral,masculino,plural,alta
acaecerías,high,moral,neutro,singular,alta
acaeceríass,high,moral,masculino,plural,alta
acaecerías,high,moral,neutro,singular,alta
acaeceríass,high,moral,masculino,plural,alta
acaecerías,high,moral,neutro,singular,alta
acaeceríass,high,moral,masculino,plural,alta
acaecerías,high,moral,neutro,singular,alta
acaeceríass,high,moral,masculino,plural,alta
acaecerías,high,moral,neutro,singular,alta
acaeceríass,high,moral,masculino,plural,alta
acaecerías,high,moral,neutro,singular,alta
acaeceríass,high,moral,masculino,plural,alta
acaecerías,high,moral,neutro,singular,alta
acaeceríass,high,moral,masculino,plural,alta
acaecerías,high,moral,neutro,singular,alta
acaeceríass,high,moral,masculino,plural,alta
acaecerías,high,moral,neutro,singular,alta
acaeceríass,high,moral,masculino,plural,alta
acaecerías,high,moral,neutro,singular,alta
acaeceríass,high,moral,masculino,plural,alta
acaecerías,high,moral,neutro,singular,alta
acaeceríass,high,moral,masculino,plural,alta
acaecerías,high,moral,neutro,singular,alta
acaeceríass,high,moral,masculino,plural,alta
acaecerías,high,moral,neutro,singular,alta
acaeceríass,high,moral,masculino,plural,alta
acaecerías,high,moral,neutro,singular,alta
acaeceríass,high,moral,masculino,plural,alta
acaecerías,high,moral,neutro,singular,alta
acaeceríass,high,moral,masculino,plural,alta
acaecerías,high,moral,neutro,singular,alta
acaeceríass,high,moral,masculino,plural,alta
acaecerías,high,moral,neutro,singular,alta
acaeceríass,high,moral,masculino,plural,alta
acaecerías,high,moral,neutro,singular,alta
acaeceríass,high,moral,masculino,plural,alta
acaecerías,high,moral,neutro,singular,alta
acaeceríass,high,moral,masculino,plural,alta
acaecerías,high,moral,neutro,singular,alta
acaeceríass,high,moral,masculino,plural,alta
acaecerías,high,moral,neutro,singular,alta
acaeceríass,high,moral,masculino,plural,alta
acaecerías,high,moral,neutro,singular,alta
acaeceríass,high,moral,masculino,plural,alta
acaecerías,high,moral,neutro,singular,alta
acaeceríass,high,moral,masculino,plural,alta
acaecerías,high,moral,neutro,singular,alta
acaeceríass,high,moral,masculino,plural,alta
acaecerías,high,moral,neutro,singular,alta
acaeceríass,high,moral,masculino,plural,alta
acaecerías,high,moral,neutro,singular,alta
acaeceríass,high,moral,masculino,plural,alta
acaecerías,high,moral,neutro,singular,alta
acaeceríass,high,moral,masculino,plural,alta
acaecerías,high,moral,neutro,singular,alta
acaeceríass,high,moral,masculino,plural,alta
acaecerías,high,moral,neutro,singular,alta
acaeceríass,high,moral,masculino,plural,alta
acaecerías,high,moral,neutro,singular,alta
acaeceríass,high,moral,masculino,plural,alta
acaecerías,high,moral,neutro,singular,alta
acaeceríass,high,moral,masculino,plural,alta
acaecerías,high,moral,neutro,singular,alta
acaeceríass,high,moral,masculino,plural,alta
acaecerías,high,moral,neutro,singular,alta
acaeceríass,high,moral,masculino,plural,alta
acaecerías,high,moral,neutro,singular,alta
acaeceríass,high,moral,masculino,plural,alta
acaecerías,high,moral,neutro,singular,alta
acaeceríass,high,moral,masculino,plural,alta
acaecerías,high,moral,neutro,singular,alta
acaeceríass,high,moral,masculino,plural,alta
acaecerías,high,moral,neutro,singular,alta
acaeceríass,high,moral,masculino,plural,alta
acaecerías,high,moral,neutro,singular,alta
acaeceríass,high,moral,masculino,plural,alta
acaecerías,high,moral,neutro,singular,alta
acaeceríass,high,moral,masculino,plural,alta
acaecerías,high,moral,neutro,singular,alta
acaeceríass,high,moral,masculino,plural,alta
acaecerías,high,moral,neutro,singular,alta
acaeceríass,high,moral,masculino,plural,alta
